industry,date,layoff_events,initial_claims
Agricultural Services,2021-01-01,0.0,0.0
Mining,2021-01-01,0.0,0.0
Construction,2021-01-01,10.0,628.0
Manufacturing,2021-01-01,23.0,5526.0
Wholesale Trade,2021-01-01,5.0,582.0
Retail Trade,2021-01-01,10.0,2324.0
"Transportation, Warehousing, Utilities",2021-01-01,10.0,1895.0
Financial Activities,2021-01-01,7.0,824.0
Professional & Business Services,2021-01-01,16.0,1807.0
Educational and Health Services,2021-01-01,18.0,2188.0
Leisure and Hospitality,2021-01-01,6.0,680.0
Agricultural Services,2020-12-01,0.0,0.0
Mining,2020-12-01,3.0,223.0
Construction,2020-12-01,31.0,2597.0
Manufacturing,2020-12-01,25.0,2005.0
Wholesale Trade,2020-12-01,10.0,676.0
Retail Trade,2020-12-01,7.0,541.0
"Transportation, Warehousing, Utilities",2020-12-01,12.0,2140.0
Financial Activities,2020-12-01,15.0,1485.0
Professional & Business Services,2020-12-01,44.0,3497.0
Educational and Health Services,2020-12-01,27.0,2385.0
Leisure and Hospitality,2020-12-01,12.0,892.0
Agricultural Services,2020-11-01,0.0,0.0
Mining,2020-11-01,0.0,0.0
Construction,2020-11-01,11.0,861.0
Manufacturing,2020-11-01,23.0,1748.0
Wholesale Trade,2020-11-01,4.0,254.0
Retail Trade,2020-11-01,15.0,1489.0
"Transportation, Warehousing, Utilities",2020-11-01,11.0,959.0
Information,2020-11-01,4.0,414.0
Financial Activities,2020-11-01,10.0,758.0
Professional & Business Services,2020-11-01,31.0,2339.0
Educational and Health Services,2020-11-01,26.0,2043.0
Leisure and Hospitality,2020-11-01,39.0,3553.0
Other Services,2020-11-01,4.0,237.0
Agricultural Services,2020-10-01,0.0,0.0
Construction,2020-10-01,8.0,628.0
Manufacturing,2020-10-01,30.0,5920.0
Wholesale Trade,2020-10-01,8.0,949.0
Retail Trade,2020-10-01,24.0,2889.0
"Transportation, Warehousing, Utilities",2020-10-01,15.0,2730.0
Information,2020-10-01,7.0,549.0
Financial Activities,2020-10-01,25.0,2703.0
Professional & Business Services,2020-10-01,36.0,3740.0
Educational and Health Services,2020-10-01,44.0,5106.0
Leisure and Hospitality,2020-10-01,20.0,2026.0
Agricultural Services,2020-09-01,0.0,0.0
Mining,2020-09-01,0.0,0.0
Construction,2020-09-01,0.0,0.0
Manufacturing,2020-09-01,3.0,192.0
"Transportation, Warehousing, Utilities",2020-09-01,4.0,614.0
Educational and Health Services,2020-09-01,5.0,366.0
Leisure and Hospitality,2020-09-01,7.0,461.0
Other Services,2020-09-01,0.0,0.0
Agricultural Services,2020-08-01,0.0,0.0
Manufacturing,2020-08-01,6.0,586.0
Wholesale Trade,2020-08-01,0.0,0.0
Retail Trade,2020-08-01,9.0,710.0
"Transportation, Warehousing, Utilities",2020-08-01,4.0,265.0
Professional & Business Services,2020-08-01,3.0,279.0
Educational and Health Services,2020-08-01,3.0,214.0
Agricultural Services,2020-07-01,0.0,0.0
Manufacturing,2020-07-01,42.0,6156.0
Wholesale Trade,2020-07-01,4.0,370.0
Retail Trade,2020-07-01,21.0,2299.0
"Transportation, Warehousing, Utilities",2020-07-01,10.0,991.0
Information,2020-07-01,5.0,442.0
Professional & Business Services,2020-07-01,29.0,3026.0
Educational and Health Services,2020-07-01,13.0,1707.0
Leisure and Hospitality,2020-07-01,19.0,1507.0
Other Services,2020-07-01,3.0,224.0
Agricultural Services,2020-06-01,0.0,0.0
Construction,2020-06-01,3.0,188.0
Manufacturing,2020-06-01,22.0,3406.0
Retail Trade,2020-06-01,3.0,177.0
"Transportation, Warehousing, Utilities",2020-06-01,10.0,1733.0
Professional & Business Services,2020-06-01,7.0,639.0
Educational and Health Services,2020-06-01,11.0,896.0
Leisure and Hospitality,2020-06-01,9.0,823.0
Construction,2020-05-01,4.0,231.0
Manufacturing,2020-05-01,59.0,6745.0
Wholesale Trade,2020-05-01,20.0,1625.0
Retail Trade,2020-05-01,12.0,1268.0
"Transportation, Warehousing, Utilities",2020-05-01,10.0,999.0
Information,2020-05-01,7.0,984.0
Financial Activities,2020-05-01,6.0,458.0
Professional & Business Services,2020-05-01,39.0,4030.0
Educational and Health Services,2020-05-01,36.0,3294.0
Leisure and Hospitality,2020-05-01,11.0,838.0
Other Services,2020-05-01,4.0,317.0
Mining,2020-04-01,5.0,794.0
Construction,2020-04-01,30.0,2296.0
Manufacturing,2020-04-01,141.0,18987.0
Wholesale Trade,2020-04-01,45.0,3962.0
Retail Trade,2020-04-01,181.0,26216.0
"Transportation, Warehousing, Utilities",2020-04-01,40.0,5429.0
Information,2020-04-01,14.0,1829.0
Financial Activities,2020-04-01,17.0,1607.0
Professional & Business Services,2020-04-01,130.0,12653.0
Educational and Health Services,2020-04-01,122.0,16404.0
Leisure and Hospitality,2020-04-01,134.0,13124.0
Other Services,2020-04-01,39.0,3525.0
Agricultural Services,2020-03-01,0.0,0.0
Mining,2020-03-01,0.0,0.0
Construction,2020-03-01,24.0,1605.0
Manufacturing,2020-03-01,69.0,16582.0
Wholesale Trade,2020-03-01,20.0,1869.0
Retail Trade,2020-03-01,63.0,6034.0
"Transportation, Warehousing, Utilities",2020-03-01,36.0,6890.0
Information,2020-03-01,8.0,1448.0
Financial Activities,2020-03-01,10.0,1125.0
Professional & Business Services,2020-03-01,63.0,7487.0
Educational and Health Services,2020-03-01,48.0,5292.0
Leisure and Hospitality,2020-03-01,185.0,26344.0
Other Services,2020-03-01,25.0,3393.0
Agricultural Services,2020-02-01,0.0,0.0
Mining,2020-02-01,0.0,0.0
Construction,2020-02-01,6.0,584.0
Manufacturing,2020-02-01,4.0,656.0
Wholesale Trade,2020-02-01,0.0,0.0
Information,2020-02-01,0.0,0.0
Financial Activities,2020-02-01,0.0,0.0
Agricultural Services,2020-01-01,0.0,0.0
Construction,2020-01-01,16.0,1060.0
Manufacturing,2020-01-01,9.0,3968.0
"Transportation, Warehousing, Utilities",2020-01-01,3.0,515.0
Information,2020-01-01,0.0,0.0
Financial Activities,2020-01-01,0.0,0.0
Professional & Business Services,2020-01-01,6.0,582.0
Leisure and Hospitality,2020-01-01,5.0,346.0
Agricultural Services,2019-12-01,0.0,0.0
Construction,2019-12-01,35.0,3122.0
Manufacturing,2019-12-01,14.0,1165.0
Wholesale Trade,2019-12-01,0.0,0.0
"Transportation, Warehousing, Utilities",2019-12-01,9.0,1352.0
Financial Activities,2019-12-01,0.0,0.0
Professional & Business Services,2019-12-01,22.0,1910.0
Leisure and Hospitality,2019-12-01,9.0,1232.0
Other Services,2019-12-01,0.0,0.0
Agricultural Services,2019-11-01,0.0,0.0
Mining,2019-11-01,0.0,0.0
Construction,2019-11-01,19.0,1765.0
Manufacturing,2019-11-01,16.0,1592.0
"Transportation, Warehousing, Utilities",2019-11-01,5.0,421.0
Professional & Business Services,2019-11-01,9.0,758.0
Educational and Health Services,2019-11-01,3.0,177.0
Other Services,2019-11-01,0.0,0.0
Agricultural Services,2019-10-01,0.0,0.0
Mining,2019-10-01,0.0,0.0
Construction,2019-10-01,3.0,215.0
Manufacturing,2019-10-01,10.0,891.0
Wholesale Trade,2019-10-01,0.0,0.0
Information,2019-10-01,0.0,0.0
Financial Activities,2019-10-01,0.0,0.0
Professional & Business Services,2019-10-01,6.0,418.0
Other Services,2019-10-01,0.0,0.0
Agricultural Services,2019-09-01,0.0,0.0
Mining,2019-09-01,0.0,0.0
Manufacturing,2019-09-01,5.0,708.0
Wholesale Trade,2019-09-01,0.0,0.0
"Transportation, Warehousing, Utilities",2019-09-01,0.0,0.0
Information,2019-09-01,0.0,0.0
Educational and Health Services,2019-09-01,3.0,181.0
Other Services,2019-09-01,0.0,0.0
Agricultural Services,2019-08-01,0.0,0.0
Mining,2019-08-01,0.0,0.0
Manufacturing,2019-08-01,8.0,3541.0
Wholesale Trade,2019-08-01,0.0,0.0
"Transportation, Warehousing, Utilities",2019-08-01,4.0,515.0
Financial Activities,2019-08-01,0.0,0.0
Professional & Business Services,2019-08-01,3.0,242.0
Other Services,2019-08-01,0.0,0.0
Agricultural Services,2019-07-01,0.0,0.0
Mining,2019-07-01,0.0,0.0
Construction,2019-07-01,0.0,0.0
Manufacturing,2019-07-01,16.0,4994.0
Wholesale Trade,2019-07-01,0.0,0.0
Retail Trade,2019-07-01,3.0,249.0
"Transportation, Warehousing, Utilities",2019-07-01,5.0,400.0
Information,2019-07-01,0.0,0.0
Financial Activities,2019-07-01,0.0,0.0
Professional & Business Services,2019-07-01,7.0,509.0
Educational and Health Services,2019-07-01,0.0,0.0
Agricultural Services,2019-06-01,0.0,0.0
Mining,2019-06-01,0.0,0.0
Construction,2019-06-01,8.0,591.0
Manufacturing,2019-06-01,5.0,508.0
Wholesale Trade,2019-06-01,0.0,0.0
"Transportation, Warehousing, Utilities",2019-06-01,11.0,851.0
Information,2019-06-01,3.0,211.0
Financial Activities,2019-06-01,0.0,0.0
Leisure and Hospitality,2019-06-01,6.0,1201.0
Agricultural Services,2019-05-01,0.0,0.0
Mining,2019-05-01,0.0,0.0
Construction,2019-05-01,4.0,332.0
Manufacturing,2019-05-01,6.0,1810.0
Wholesale Trade,2019-05-01,0.0,0.0
"Transportation, Warehousing, Utilities",2019-05-01,4.0,619.0
Professional & Business Services,2019-05-01,3.0,181.0
Educational and Health Services,2019-05-01,7.0,402.0
Leisure and Hospitality,2019-05-01,4.0,315.0
Other Services,2019-05-01,0.0,0.0
Agricultural Services,2019-04-01,0.0,0.0
Mining,2019-04-01,0.0,0.0
Construction,2019-04-01,4.0,640.0
Manufacturing,2019-04-01,7.0,536.0
Wholesale Trade,2019-04-01,0.0,0.0
Financial Activities,2019-04-01,0.0,0.0
Professional & Business Services,2019-04-01,5.0,477.0
Other Services,2019-04-01,0.0,0.0
Agricultural Services,2019-03-01,0.0,0.0
Mining,2019-03-01,0.0,0.0
Construction,2019-03-01,6.0,630.0
Manufacturing,2019-03-01,10.0,4150.0
Wholesale Trade,2019-03-01,0.0,0.0
"Transportation, Warehousing, Utilities",2019-03-01,4.0,774.0
Financial Activities,2019-03-01,0.0,0.0
Professional & Business Services,2019-03-01,9.0,784.0
Leisure and Hospitality,2019-03-01,5.0,650.0
Other Services,2019-03-01,0.0,0.0
Agricultural Services,2019-02-01,0.0,0.0
Mining,2019-02-01,0.0,0.0
Construction,2019-02-01,6.0,354.0
Manufacturing,2019-02-01,3.0,276.0
Wholesale Trade,2019-02-01,0.0,0.0
Information,2019-02-01,0.0,0.0
Professional & Business Services,2019-02-01,4.0,330.0
Leisure and Hospitality,2019-02-01,0.0,0.0
Other Services,2019-02-01,0.0,0.0
Agricultural Services,2019-01-01,0.0,0.0
Construction,2019-01-01,7.0,419.0
Retail Trade,2019-01-01,5.0,539.0
Information,2019-01-01,0.0,0.0
Financial Activities,2019-01-01,0.0,0.0
Professional & Business Services,2019-01-01,3.0,192.0
Other Services,2019-01-01,0.0,0.0
Agricultural Services,2018-12-01,0.0,0.0
Construction,2018-12-01,39.0,3223.0
Manufacturing,2018-12-01,7.0,739.0
Wholesale Trade,2018-12-01,0.0,0.0
Retail Trade,2018-12-01,0.0,0.0
"Transportation, Warehousing, Utilities",2018-12-01,6.0,1046.0
Information,2018-12-01,0.0,0.0
Professional & Business Services,2018-12-01,16.0,1594.0
Educational and Health Services,2018-12-01,1.0,51.0
Leisure and Hospitality,2018-12-01,9.0,1051.0
Other Services,2018-12-01,0.0,0.0
Agricultural Services,2018-11-01,0.0,0.0
Mining,2018-11-01,0.0,0.0
Construction,2018-11-01,22.0,1793.0
Manufacturing,2018-11-01,8.0,755.0
Wholesale Trade,2018-11-01,0.0,0.0
"Transportation, Warehousing, Utilities",2018-11-01,4.0,495.0
Professional & Business Services,2018-11-01,15.0,1322.0
Educational and Health Services,2018-11-01,0.0,0.0
Leisure and Hospitality,2018-11-01,4.0,318.0
Other Services,2018-11-01,0.0,0.0
Agricultural Services,2018-10-01,0.0,0.0
Mining,2018-10-01,0.0,0.0
Manufacturing,2018-10-01,15.0,5295.0
Wholesale Trade,2018-10-01,0.0,0.0
Retail Trade,2018-10-01,4.0,536.0
"Transportation, Warehousing, Utilities",2018-10-01,4.0,539.0
Information,2018-10-01,0.0,0.0
Professional & Business Services,2018-10-01,6.0,644.0
Other Services,2018-10-01,0.0,0.0
Agricultural Services,2018-09-01,0.0,0.0
Mining,2018-09-01,0.0,0.0
Construction,2018-09-01,3.0,276.0
Manufacturing,2018-09-01,5.0,422.0
Wholesale Trade,2018-09-01,0.0,0.0
"Transportation, Warehousing, Utilities",2018-09-01,0.0,0.0
Information,2018-09-01,0.0,0.0
Professional & Business Services,2018-09-01,3.0,239.0
Educational and Health Services,2018-09-01,0.0,0.0
Leisure and Hospitality,2018-09-01,0.0,0.0
Other Services,2018-09-01,0.0,0.0
Agricultural Services,2018-08-01,0.0,0.0
Mining,2018-08-01,0.0,0.0
Construction,2018-08-01,3.0,221.0
Manufacturing,2018-08-01,4.0,412.0
Wholesale Trade,2018-08-01,0.0,0.0
"Transportation, Warehousing, Utilities",2018-08-01,0.0,0.0
Information,2018-08-01,0.0,0.0
Financial Activities,2018-08-01,0.0,0.0
Professional & Business Services,2018-08-01,3.0,232.0
Other Services,2018-08-01,0.0,0.0
Agricultural Services,2018-07-01,0.0,0.0
Mining,2018-07-01,0.0,0.0
Construction,2018-07-01,0.0,0.0
Manufacturing,2018-07-01,3.0,237.0
"Transportation, Warehousing, Utilities",2018-07-01,3.0,267.0
Information,2018-07-01,0.0,0.0
Financial Activities,2018-07-01,0.0,0.0
Educational and Health Services,2018-07-01,4.0,255.0
Agricultural Services,2018-06-01,0.0,0.0
Mining,2018-06-01,0.0,0.0
Manufacturing,2018-06-01,7.0,926.0
"Transportation, Warehousing, Utilities",2018-06-01,13.0,1181.0
Financial Activities,2018-06-01,0.0,0.0
Professional & Business Services,2018-06-01,7.0,589.0
Educational and Health Services,2018-06-01,6.0,420.0
Leisure and Hospitality,2018-06-01,7.0,1061.0
Agricultural Services,2018-05-01,0.0,0.0
Mining,2018-05-01,0.0,0.0
Construction,2018-05-01,4.0,609.0
Manufacturing,2018-05-01,6.0,474.0
Wholesale Trade,2018-05-01,0.0,0.0
"Transportation, Warehousing, Utilities",2018-05-01,0.0,0.0
Information,2018-05-01,0.0,0.0
Professional & Business Services,2018-05-01,5.0,707.0
Leisure and Hospitality,2018-05-01,0.0,0.0
Other Services,2018-05-01,0.0,0.0
Agricultural Services,2018-04-01,0.0,0.0
Mining,2018-04-01,0.0,0.0
Construction,2018-04-01,7.0,566.0
Manufacturing,2018-04-01,4.0,394.0
Retail Trade,2018-04-01,5.0,621.0
Professional & Business Services,2018-04-01,6.0,780.0
Other Services,2018-04-01,0.0,0.0
Agricultural Services,2018-03-01,0.0,0.0
Mining,2018-03-01,0.0,0.0
Construction,2018-03-01,3.0,310.0
Manufacturing,2018-03-01,5.0,349.0
Wholesale Trade,2018-03-01,0.0,0.0
"Transportation, Warehousing, Utilities",2018-03-01,4.0,1885.0
Professional & Business Services,2018-03-01,5.0,373.0
Educational and Health Services,2018-03-01,0.0,0.0
Leisure and Hospitality,2018-03-01,6.0,710.0
Other Services,2018-03-01,0.0,0.0
Agricultural Services,2018-02-01,0.0,0.0
Mining,2018-02-01,0.0,0.0
Manufacturing,2018-02-01,4.0,274.0
"Transportation, Warehousing, Utilities",2018-02-01,0.0,0.0
Information,2018-02-01,0.0,0.0
Financial Activities,2018-02-01,0.0,0.0
Professional & Business Services,2018-02-01,10.0,992.0
Other Services,2018-02-01,0.0,0.0
Agricultural Services,2018-01-01,0.0,0.0
Mining,2018-01-01,0.0,0.0
Construction,2018-01-01,12.0,835.0
Manufacturing,2018-01-01,3.0,220.0
Retail Trade,2018-01-01,3.0,579.0
"Transportation, Warehousing, Utilities",2018-01-01,4.0,294.0
Information,2018-01-01,0.0,0.0
Leisure and Hospitality,2018-01-01,0.0,0.0
Other Services,2018-01-01,0.0,0.0
Agricultural Services,2017-12-01,0.0,0.0
Construction,2017-12-01,50.0,4326.0
Manufacturing,2017-12-01,10.0,1054.0
Retail Trade,2017-12-01,3.0,200.0
"Transportation, Warehousing, Utilities",2017-12-01,5.0,920.0
Information,2017-12-01,0.0,0.0
Professional & Business Services,2017-12-01,17.0,1573.0
Leisure and Hospitality,2017-12-01,13.0,1693.0
Other Services,2017-12-01,2.0,142.0
Agricultural Services,2017-11-01,0.0,0.0
Mining,2017-11-01,0.0,0.0
Construction,2017-11-01,8.0,602.0
Manufacturing,2017-11-01,8.0,1124.0
Wholesale Trade,2017-11-01,0.0,0.0
Retail Trade,2017-11-01,0.0,0.0
"Transportation, Warehousing, Utilities",2017-11-01,3.0,330.0
Financial Activities,2017-11-01,0.0,0.0
Professional & Business Services,2017-11-01,11.0,818.0
Other Services,2017-11-01,0.0,0.0
Agricultural Services,2017-10-01,0.0,0.0
Mining,2017-10-01,0.0,0.0
Construction,2017-10-01,3.0,203.0
Manufacturing,2017-10-01,4.0,292.0
Wholesale Trade,2017-10-01,0.0,0.0
"Transportation, Warehousing, Utilities",2017-10-01,0.0,0.0
Information,2017-10-01,0.0,0.0
Financial Activities,2017-10-01,0.0,0.0
Professional & Business Services,2017-10-01,7.0,587.0
Other Services,2017-10-01,0.0,0.0
Agricultural Services,2017-09-01,0.0,0.0
Construction,2017-09-01,6.0,422.0
Manufacturing,2017-09-01,4.0,388.0
"Transportation, Warehousing, Utilities",2017-09-01,0.0,0.0
Information,2017-09-01,3.0,182.0
Financial Activities,2017-09-01,0.0,0.0
Educational and Health Services,2017-09-01,0.0,0.0
Leisure and Hospitality,2017-09-01,0.0,0.0
Other Services,2017-09-01,0.0,0.0
Agricultural Services,2017-08-01,0.0,0.0
Mining,2017-08-01,0.0,0.0
Manufacturing,2017-08-01,6.0,532.0
Wholesale Trade,2017-08-01,0.0,0.0
Retail Trade,2017-08-01,4.0,248.0
"Transportation, Warehousing, Utilities",2017-08-01,0.0,0.0
Information,2017-08-01,0.0,0.0
Financial Activities,2017-08-01,0.0,0.0
Professional & Business Services,2017-08-01,3.0,175.0
Other Services,2017-08-01,0.0,0.0
Agricultural Services,2017-07-01,0.0,0.0
Mining,2017-07-01,0.0,0.0
Manufacturing,2017-07-01,10.0,1393.0
Wholesale Trade,2017-07-01,0.0,0.0
Retail Trade,2017-07-01,0.0,0.0
Information,2017-07-01,0.0,0.0
Financial Activities,2017-07-01,0.0,0.0
Professional & Business Services,2017-07-01,4.0,339.0
Other Services,2017-07-01,0.0,0.0
Agricultural Services,2017-06-01,0.0,0.0
Mining,2017-06-01,0.0,0.0
Construction,2017-06-01,3.0,500.0
Manufacturing,2017-06-01,6.0,528.0
Retail Trade,2017-06-01,5.0,374.0
"Transportation, Warehousing, Utilities",2017-06-01,13.0,1340.0
Financial Activities,2017-06-01,5.0,354.0
Professional & Business Services,2017-06-01,7.0,631.0
Educational and Health Services,2017-06-01,3.0,221.0
Leisure and Hospitality,2017-06-01,8.0,930.0
Other Services,2017-06-01,0.0,0.0
Agricultural Services,2017-05-01,0.0,0.0
Mining,2017-05-01,0.0,0.0
Construction,2017-05-01,6.0,827.0
Manufacturing,2017-05-01,3.0,241.0
Retail Trade,2017-05-01,3.0,177.0
"Transportation, Warehousing, Utilities",2017-05-01,0.0,0.0
Financial Activities,2017-05-01,0.0,0.0
Professional & Business Services,2017-05-01,0.0,0.0
Educational and Health Services,2017-05-01,3.0,186.0
Leisure and Hospitality,2017-05-01,3.0,227.0
Other Services,2017-05-01,0.0,0.0
Agricultural Services,2017-04-01,0.0,0.0
Construction,2017-04-01,5.0,359.0
Manufacturing,2017-04-01,6.0,708.0
Wholesale Trade,2017-04-01,0.0,0.0
Retail Trade,2017-04-01,4.0,247.0
Professional & Business Services,2017-04-01,6.0,579.0
Leisure and Hospitality,2017-04-01,3.0,221.0
Other Services,2017-04-01,0.0,0.0
Agricultural Services,2017-03-01,0.0,0.0
Mining,2017-03-01,0.0,0.0
Construction,2017-03-01,3.0,174.0
Manufacturing,2017-03-01,7.0,843.0
Wholesale Trade,2017-03-01,3.0,307.0
"Transportation, Warehousing, Utilities",2017-03-01,5.0,1360.0
Information,2017-03-01,0.0,0.0
Professional & Business Services,2017-03-01,9.0,787.0
Other Services,2017-03-01,0.0,0.0
Agricultural Services,2017-02-01,0.0,0.0
Mining,2017-02-01,0.0,0.0
Construction,2017-02-01,7.0,560.0
Wholesale Trade,2017-02-01,0.0,0.0
Information,2017-02-01,0.0,0.0
Financial Activities,2017-02-01,4.0,305.0
Professional & Business Services,2017-02-01,5.0,405.0
Educational and Health Services,2017-02-01,0.0,0.0
Other Services,2017-02-01,0.0,0.0
Agricultural Services,2017-01-01,0.0,0.0
Mining,2017-01-01,0.0,0.0
Construction,2017-01-01,9.0,590.0
Manufacturing,2017-01-01,6.0,767.0
Retail Trade,2017-01-01,5.0,439.0
"Transportation, Warehousing, Utilities",2017-01-01,3.0,526.0
Information,2017-01-01,0.0,0.0
Financial Activities,2017-01-01,0.0,0.0
Professional & Business Services,2017-01-01,11.0,934.0
Educational and Health Services,2017-01-01,0.0,0.0
Leisure and Hospitality,2017-01-01,3.0,294.0
Other Services,2017-01-01,0.0,0.0
Agricultural Services,2016-12-01,0.0,0.0
Construction,2016-12-01,44.0,4036.0
Manufacturing,2016-12-01,21.0,2309.0
Retail Trade,2016-12-01,4.0,300.0
"Transportation, Warehousing, Utilities",2016-12-01,6.0,906.0
Information,2016-12-01,0.0,0.0
Professional & Business Services,2016-12-01,23.0,2601.0
Leisure and Hospitality,2016-12-01,10.0,1323.0
Agricultural Services,2016-11-01,0.0,0.0
Mining,2016-11-01,0.0,0.0
Construction,2016-11-01,12.0,1113.0
Manufacturing,2016-11-01,8.0,1346.0
Wholesale Trade,2016-11-01,0.0,0.0
"Transportation, Warehousing, Utilities",2016-11-01,3.0,324.0
Information,2016-11-01,0.0,0.0
Professional & Business Services,2016-11-01,10.0,858.0
Leisure and Hospitality,2016-11-01,3.0,324.0
Other Services,2016-11-01,0.0,0.0
Agricultural Services,2016-10-01,0.0,0.0
Mining,2016-10-01,0.0,0.0
Construction,2016-10-01,4.0,313.0
Manufacturing,2016-10-01,8.0,586.0
Wholesale Trade,2016-10-01,0.0,0.0
"Transportation, Warehousing, Utilities",2016-10-01,0.0,0.0
Information,2016-10-01,0.0,0.0
Financial Activities,2016-10-01,0.0,0.0
Professional & Business Services,2016-10-01,3.0,241.0
Other Services,2016-10-01,0.0,0.0
Agricultural Services,2016-09-01,0.0,0.0
Mining,2016-09-01,0.0,0.0
Manufacturing,2016-09-01,11.0,4251.0
Wholesale Trade,2016-09-01,0.0,0.0
Information,2016-09-01,0.0,0.0
Professional & Business Services,2016-09-01,8.0,646.0
Other Services,2016-09-01,0.0,0.0
Agricultural Services,2016-08-01,0.0,0.0
Mining,2016-08-01,0.0,0.0
Manufacturing,2016-08-01,7.0,867.0
Wholesale Trade,2016-08-01,0.0,0.0
Retail Trade,2016-08-01,4.0,431.0
"Transportation, Warehousing, Utilities",2016-08-01,0.0,0.0
Financial Activities,2016-08-01,0.0,0.0
Professional & Business Services,2016-08-01,3.0,179.0
Other Services,2016-08-01,0.0,0.0
Agricultural Services,2016-07-01,0.0,0.0
Mining,2016-07-01,0.0,0.0
Construction,2016-07-01,6.0,455.0
Manufacturing,2016-07-01,21.0,3267.0
Wholesale Trade,2016-07-01,0.0,0.0
Retail Trade,2016-07-01,4.0,625.0
"Transportation, Warehousing, Utilities",2016-07-01,8.0,1022.0
Information,2016-07-01,0.0,0.0
Professional & Business Services,2016-07-01,5.0,352.0
Agricultural Services,2016-06-01,0.0,0.0
Mining,2016-06-01,0.0,0.0
Construction,2016-06-01,5.0,362.0
Manufacturing,2016-06-01,3.0,238.0
"Transportation, Warehousing, Utilities",2016-06-01,9.0,882.0
Financial Activities,2016-06-01,0.0,0.0
Professional & Business Services,2016-06-01,5.0,293.0
Educational and Health Services,2016-06-01,3.0,232.0
Leisure and Hospitality,2016-06-01,4.0,358.0
Agricultural Services,2016-05-01,0.0,0.0
Mining,2016-05-01,0.0,0.0
Construction,2016-05-01,5.0,336.0
Manufacturing,2016-05-01,7.0,857.0
Wholesale Trade,2016-05-01,0.0,0.0
"Transportation, Warehousing, Utilities",2016-05-01,0.0,0.0
Professional & Business Services,2016-05-01,10.0,794.0
Educational and Health Services,2016-05-01,4.0,242.0
Leisure and Hospitality,2016-05-01,0.0,0.0
Other Services,2016-05-01,0.0,0.0
Agricultural Services,2016-04-01,0.0,0.0
Mining,2016-04-01,0.0,0.0
Construction,2016-04-01,9.0,1004.0
Manufacturing,2016-04-01,17.0,5431.0
Wholesale Trade,2016-04-01,0.0,0.0
Retail Trade,2016-04-01,3.0,560.0
"Transportation, Warehousing, Utilities",2016-04-01,3.0,596.0
Professional & Business Services,2016-04-01,12.0,951.0
Leisure and Hospitality,2016-04-01,3.0,235.0
Agricultural Services,2016-03-01,0.0,0.0
Mining,2016-03-01,0.0,0.0
Manufacturing,2016-03-01,7.0,861.0
Wholesale Trade,2016-03-01,0.0,0.0
"Transportation, Warehousing, Utilities",2016-03-01,3.0,841.0
Financial Activities,2016-03-01,0.0,0.0
Professional & Business Services,2016-03-01,8.0,605.0
Leisure and Hospitality,2016-03-01,5.0,511.0
Other Services,2016-03-01,0.0,0.0
Agricultural Services,2016-02-01,0.0,0.0
Mining,2016-02-01,3.0,285.0
"Transportation, Warehousing, Utilities",2016-02-01,0.0,0.0
Information,2016-02-01,0.0,0.0
Professional & Business Services,2016-02-01,3.0,273.0
Educational and Health Services,2016-02-01,3.0,171.0
Leisure and Hospitality,2016-02-01,0.0,0.0
Other Services,2016-02-01,0.0,0.0
Agricultural Services,2016-01-01,0.0,0.0
Construction,2016-01-01,16.0,1048.0
Manufacturing,2016-01-01,15.0,5262.0
Retail Trade,2016-01-01,5.0,856.0
"Transportation, Warehousing, Utilities",2016-01-01,6.0,616.0
Financial Activities,2016-01-01,0.0,0.0
Professional & Business Services,2016-01-01,10.0,774.0
Leisure and Hospitality,2016-01-01,6.0,463.0
Other Services,2016-01-01,0.0,0.0
Agricultural Services,2015-12-01,0.0,0.0
Construction,2015-12-01,31.0,2792.0
Manufacturing,2015-12-01,24.0,3651.0
Wholesale Trade,2015-12-01,0.0,0.0
"Transportation, Warehousing, Utilities",2015-12-01,6.0,918.0
Information,2015-12-01,0.0,0.0
Financial Activities,2015-12-01,0.0,0.0
Professional & Business Services,2015-12-01,20.0,1919.0
Leisure and Hospitality,2015-12-01,8.0,1326.0
Other Services,2015-12-01,0.0,0.0
Agricultural Services,2015-11-01,0.0,0.0
Mining,2015-11-01,0.0,0.0
Construction,2015-11-01,18.0,1340.0
Manufacturing,2015-11-01,9.0,853.0
Wholesale Trade,2015-11-01,0.0,0.0
"Transportation, Warehousing, Utilities",2015-11-01,3.0,303.0
Financial Activities,2015-11-01,0.0,0.0
Professional & Business Services,2015-11-01,13.0,1058.0
Leisure and Hospitality,2015-11-01,3.0,170.0
Agricultural Services,2015-10-01,0.0,0.0
Mining,2015-10-01,0.0,0.0
Construction,2015-10-01,7.0,548.0
Manufacturing,2015-10-01,9.0,1124.0
Wholesale Trade,2015-10-01,0.0,0.0
Retail Trade,2015-10-01,5.0,719.0
Information,2015-10-01,0.0,0.0
Financial Activities,2015-10-01,0.0,0.0
Professional & Business Services,2015-10-01,8.0,570.0
Leisure and Hospitality,2015-10-01,4.0,688.0
Other Services,2015-10-01,0.0,0.0
Agricultural Services,2015-09-01,0.0,0.0
Manufacturing,2015-09-01,8.0,1730.0
Wholesale Trade,2015-09-01,0.0,0.0
"Transportation, Warehousing, Utilities",2015-09-01,0.0,0.0
Information,2015-09-01,0.0,0.0
Professional & Business Services,2015-09-01,5.0,510.0
Educational and Health Services,2015-09-01,3.0,227.0
Leisure and Hospitality,2015-09-01,0.0,0.0
Other Services,2015-09-01,0.0,0.0
Agricultural Services,2015-08-01,0.0,0.0
Mining,2015-08-01,0.0,0.0
Manufacturing,2015-08-01,10.0,1190.0
Wholesale Trade,2015-08-01,0.0,0.0
Information,2015-08-01,0.0,0.0
Other Services,2015-08-01,0.0,0.0
Agricultural Services,2015-07-01,0.0,0.0
Mining,2015-07-01,0.0,0.0
Construction,2015-07-01,6.0,517.0
Manufacturing,2015-07-01,18.0,2516.0
Retail Trade,2015-07-01,7.0,895.0
"Transportation, Warehousing, Utilities",2015-07-01,11.0,1053.0
Financial Activities,2015-07-01,3.0,183.0
Professional & Business Services,2015-07-01,8.0,643.0
Leisure and Hospitality,2015-07-01,0.0,0.0
Agricultural Services,2015-06-01,0.0,0.0
Mining,2015-06-01,0.0,0.0
Manufacturing,2015-06-01,10.0,1467.0
Wholesale Trade,2015-06-01,0.0,0.0
"Transportation, Warehousing, Utilities",2015-06-01,11.0,906.0
Financial Activities,2015-06-01,0.0,0.0
Professional & Business Services,2015-06-01,4.0,231.0
Educational and Health Services,2015-06-01,4.0,376.0
Leisure and Hospitality,2015-06-01,6.0,671.0
Agricultural Services,2015-05-01,0.0,0.0
Mining,2015-05-01,0.0,0.0
Manufacturing,2015-05-01,8.0,811.0
Wholesale Trade,2015-05-01,0.0,0.0
Retail Trade,2015-05-01,3.0,186.0
"Transportation, Warehousing, Utilities",2015-05-01,0.0,0.0
Professional & Business Services,2015-05-01,12.0,1093.0
Educational and Health Services,2015-05-01,4.0,261.0
Leisure and Hospitality,2015-05-01,5.0,677.0
Agricultural Services,2015-04-01,0.0,0.0
Manufacturing,2015-04-01,13.0,1362.0
Wholesale Trade,2015-04-01,0.0,0.0
Retail Trade,2015-04-01,4.0,545.0
"Transportation, Warehousing, Utilities",2015-04-01,4.0,404.0
Financial Activities,2015-04-01,0.0,0.0
Professional & Business Services,2015-04-01,7.0,552.0
Leisure and Hospitality,2015-04-01,0.0,0.0
Other Services,2015-04-01,0.0,0.0
Agricultural Services,2015-03-01,0.0,0.0
Mining,2015-03-01,3.0,183.0
Construction,2015-03-01,3.0,197.0
Manufacturing,2015-03-01,4.0,507.0
Information,2015-03-01,0.0,0.0
Professional & Business Services,2015-03-01,10.0,756.0
Educational and Health Services,2015-03-01,0.0,0.0
Other Services,2015-03-01,0.0,0.0
Agricultural Services,2015-02-01,0.0,0.0
Mining,2015-02-01,0.0,0.0
Manufacturing,2015-02-01,3.0,328.0
Wholesale Trade,2015-02-01,0.0,0.0
Financial Activities,2015-02-01,0.0,0.0
Professional & Business Services,2015-02-01,6.0,688.0
Educational and Health Services,2015-02-01,0.0,0.0
Leisure and Hospitality,2015-02-01,0.0,0.0
Other Services,2015-02-01,0.0,0.0
Agricultural Services,2015-01-01,0.0,0.0
Mining,2015-01-01,0.0,0.0
Construction,2015-01-01,14.0,950.0
Manufacturing,2015-01-01,15.0,1110.0
Retail Trade,2015-01-01,6.0,886.0
Professional & Business Services,2015-01-01,8.0,580.0
Leisure and Hospitality,2015-01-01,9.0,625.0
Other Services,2015-01-01,0.0,0.0
Agricultural Services,2014-12-01,0.0,0.0
Construction,2014-12-01,27.0,2366.0
Manufacturing,2014-12-01,8.0,1017.0
Wholesale Trade,2014-12-01,0.0,0.0
Retail Trade,2014-12-01,6.0,513.0
"Transportation, Warehousing, Utilities",2014-12-01,6.0,740.0
Information,2014-12-01,0.0,0.0
Financial Activities,2014-12-01,0.0,0.0
Professional & Business Services,2014-12-01,20.0,1778.0
Leisure and Hospitality,2014-12-01,4.0,563.0
Agricultural Services,2014-11-01,0.0,0.0
Mining,2014-11-01,0.0,0.0
Construction,2014-11-01,24.0,2048.0
Manufacturing,2014-11-01,12.0,1229.0
Wholesale Trade,2014-11-01,0.0,0.0
"Transportation, Warehousing, Utilities",2014-11-01,3.0,319.0
Information,2014-11-01,0.0,0.0
Financial Activities,2014-11-01,0.0,0.0
Professional & Business Services,2014-11-01,15.0,1328.0
Leisure and Hospitality,2014-11-01,4.0,261.0
Other Services,2014-11-01,0.0,0.0
Agricultural Services,2014-10-01,0.0,0.0
Mining,2014-10-01,0.0,0.0
Construction,2014-10-01,3.0,226.0
Manufacturing,2014-10-01,8.0,1486.0
"Transportation, Warehousing, Utilities",2014-10-01,0.0,0.0
Professional & Business Services,2014-10-01,7.0,482.0
Leisure and Hospitality,2014-10-01,3.0,323.0
Other Services,2014-10-01,0.0,0.0
Agricultural Services,2014-09-01,0.0,0.0
Mining,2014-09-01,0.0,0.0
Manufacturing,2014-09-01,7.0,799.0
Wholesale Trade,2014-09-01,0.0,0.0
"Transportation, Warehousing, Utilities",2014-09-01,0.0,0.0
Professional & Business Services,2014-09-01,3.0,226.0
Agricultural Services,2014-08-01,0.0,0.0
Mining,2014-08-01,0.0,0.0
Construction,2014-08-01,4.0,326.0
Manufacturing,2014-08-01,10.0,772.0
Wholesale Trade,2014-08-01,0.0,0.0
Retail Trade,2014-08-01,7.0,477.0
Financial Activities,2014-08-01,0.0,0.0
Professional & Business Services,2014-08-01,7.0,582.0
Leisure and Hospitality,2014-08-01,0.0,0.0
Other Services,2014-08-01,0.0,0.0
Agricultural Services,2014-07-01,0.0,0.0
Mining,2014-07-01,0.0,0.0
Manufacturing,2014-07-01,15.0,2098.0
Wholesale Trade,2014-07-01,0.0,0.0
"Transportation, Warehousing, Utilities",2014-07-01,8.0,793.0
Information,2014-07-01,0.0,0.0
Financial Activities,2014-07-01,0.0,0.0
Professional & Business Services,2014-07-01,3.0,230.0
Other Services,2014-07-01,0.0,0.0
Agricultural Services,2014-06-01,0.0,0.0
Mining,2014-06-01,0.0,0.0
Construction,2014-06-01,4.0,296.0
Manufacturing,2014-06-01,3.0,270.0
Retail Trade,2014-06-01,3.0,202.0
"Transportation, Warehousing, Utilities",2014-06-01,9.0,1331.0
Professional & Business Services,2014-06-01,5.0,290.0
Educational and Health Services,2014-06-01,4.0,291.0
Leisure and Hospitality,2014-06-01,4.0,586.0
Agricultural Services,2014-05-01,0.0,0.0
Mining,2014-05-01,0.0,0.0
Construction,2014-05-01,7.0,1072.0
Manufacturing,2014-05-01,5.0,975.0
Retail Trade,2014-05-01,8.0,620.0
"Transportation, Warehousing, Utilities",2014-05-01,3.0,255.0
Financial Activities,2014-05-01,3.0,209.0
Professional & Business Services,2014-05-01,11.0,970.0
Educational and Health Services,2014-05-01,3.0,196.0
Leisure and Hospitality,2014-05-01,4.0,454.0
Other Services,2014-05-01,4.0,304.0
Agricultural Services,2014-04-01,0.0,0.0
Mining,2014-04-01,0.0,0.0
Manufacturing,2014-04-01,8.0,2091.0
Retail Trade,2014-04-01,3.0,570.0
"Transportation, Warehousing, Utilities",2014-04-01,5.0,379.0
Information,2014-04-01,0.0,0.0
Professional & Business Services,2014-04-01,7.0,698.0
Other Services,2014-04-01,0.0,0.0
Agricultural Services,2014-03-01,0.0,0.0
Mining,2014-03-01,0.0,0.0
Construction,2014-03-01,4.0,295.0
Manufacturing,2014-03-01,6.0,556.0
"Transportation, Warehousing, Utilities",2014-03-01,4.0,858.0
Information,2014-03-01,0.0,0.0
Professional & Business Services,2014-03-01,7.0,541.0
Leisure and Hospitality,2014-03-01,3.0,390.0
Other Services,2014-03-01,0.0,0.0
Agricultural Services,2014-02-01,0.0,0.0
Mining,2014-02-01,0.0,0.0
Construction,2014-02-01,3.0,261.0
Manufacturing,2014-02-01,6.0,512.0
Professional & Business Services,2014-02-01,4.0,257.0
Agricultural Services,2014-01-01,0.0,0.0
Mining,2014-01-01,0.0,0.0
Construction,2014-01-01,8.0,476.0
Manufacturing,2014-01-01,11.0,1854.0
Retail Trade,2014-01-01,8.0,1025.0
"Transportation, Warehousing, Utilities",2014-01-01,3.0,339.0
Professional & Business Services,2014-01-01,9.0,701.0
Educational and Health Services,2014-01-01,0.0,0.0
Leisure and Hospitality,2014-01-01,7.0,533.0
Other Services,2014-01-01,0.0,0.0
Agricultural Services,2013-12-01,0.0,0.0
Mining,2013-12-01,3.0,267.0
Construction,2013-12-01,35.0,3024.0
Manufacturing,2013-12-01,15.0,1384.0
Wholesale Trade,2013-12-01,0.0,0.0
Retail Trade,2013-12-01,5.0,617.0
"Transportation, Warehousing, Utilities",2013-12-01,7.0,2020.0
Information,2013-12-01,0.0,0.0
Financial Activities,2013-12-01,3.0,224.0
Professional & Business Services,2013-12-01,23.0,2232.0
Leisure and Hospitality,2013-12-01,7.0,1339.0
Other Services,2013-12-01,0.0,0.0
Agricultural Services,2013-11-01,0.0,0.0
Mining,2013-11-01,0.0,0.0
Construction,2013-11-01,17.0,1489.0
Manufacturing,2013-11-01,5.0,2499.0
Retail Trade,2013-11-01,3.0,215.0
Information,2013-11-01,0.0,0.0
Professional & Business Services,2013-11-01,13.0,1240.0
Educational and Health Services,2013-11-01,3.0,250.0
Leisure and Hospitality,2013-11-01,4.0,339.0
Agricultural Services,2013-10-01,0.0,0.0
Mining,2013-10-01,0.0,0.0
Construction,2013-10-01,4.0,358.0
Manufacturing,2013-10-01,8.0,835.0
Retail Trade,2013-10-01,4.0,561.0
Professional & Business Services,2013-10-01,8.0,659.0
Agricultural Services,2013-09-01,0.0,0.0
Mining,2013-09-01,0.0,0.0
Manufacturing,2013-09-01,5.0,586.0
Wholesale Trade,2013-09-01,0.0,0.0
Retail Trade,2013-09-01,0.0,0.0
Financial Activities,2013-09-01,0.0,0.0
Professional & Business Services,2013-09-01,3.0,191.0
Other Services,2013-09-01,0.0,0.0
Agricultural Services,2013-08-01,0.0,0.0
Mining,2013-08-01,0.0,0.0
Construction,2013-08-01,3.0,202.0
Manufacturing,2013-08-01,10.0,4783.0
Retail Trade,2013-08-01,3.0,226.0
Professional & Business Services,2013-08-01,6.0,443.0
Agricultural Services,2013-07-01,0.0,0.0
Mining,2013-07-01,0.0,0.0
Construction,2013-07-01,4.0,373.0
Manufacturing,2013-07-01,13.0,1288.0
Retail Trade,2013-07-01,6.0,822.0
"Transportation, Warehousing, Utilities",2013-07-01,3.0,314.0
Financial Activities,2013-07-01,0.0,0.0
Professional & Business Services,2013-07-01,5.0,556.0
Educational and Health Services,2013-07-01,5.0,405.0
Other Services,2013-07-01,0.0,0.0
Agricultural Services,2013-06-01,0.0,0.0
Mining,2013-06-01,0.0,0.0
Construction,2013-06-01,5.0,477.0
Manufacturing,2013-06-01,7.0,805.0
Wholesale Trade,2013-06-01,0.0,0.0
Retail Trade,2013-06-01,3.0,204.0
"Transportation, Warehousing, Utilities",2013-06-01,9.0,631.0
Professional & Business Services,2013-06-01,5.0,317.0
Other Services,2013-06-01,3.0,167.0
Agricultural Services,2013-05-01,0.0,0.0
Mining,2013-05-01,0.0,0.0
Construction,2013-05-01,10.0,653.0
Manufacturing,2013-05-01,11.0,4871.0
"Transportation, Warehousing, Utilities",2013-05-01,6.0,1480.0
Financial Activities,2013-05-01,0.0,0.0
Professional & Business Services,2013-05-01,11.0,863.0
Educational and Health Services,2013-05-01,5.0,326.0
Leisure and Hospitality,2013-05-01,9.0,2082.0
Agricultural Services,2013-04-01,0.0,0.0
Mining,2013-04-01,0.0,0.0
Construction,2013-04-01,7.0,648.0
Manufacturing,2013-04-01,12.0,1370.0
Retail Trade,2013-04-01,4.0,646.0
"Transportation, Warehousing, Utilities",2013-04-01,3.0,239.0
Financial Activities,2013-04-01,0.0,0.0
Professional & Business Services,2013-04-01,12.0,1210.0
Agricultural Services,2013-03-01,0.0,0.0
Mining,2013-03-01,0.0,0.0
Construction,2013-03-01,3.0,250.0
Manufacturing,2013-03-01,11.0,2384.0
Wholesale Trade,2013-03-01,0.0,0.0
Retail Trade,2013-03-01,6.0,452.0
"Transportation, Warehousing, Utilities",2013-03-01,6.0,1530.0
Financial Activities,2013-03-01,0.0,0.0
Professional & Business Services,2013-03-01,11.0,960.0
Leisure and Hospitality,2013-03-01,5.0,637.0
Agricultural Services,2013-02-01,0.0,0.0
Mining,2013-02-01,0.0,0.0
Manufacturing,2013-02-01,4.0,377.0
Retail Trade,2013-02-01,5.0,302.0
Professional & Business Services,2013-02-01,9.0,698.0
Educational and Health Services,2013-02-01,0.0,0.0
Leisure and Hospitality,2013-02-01,0.0,0.0
Other Services,2013-02-01,0.0,0.0
Agricultural Services,2013-01-01,0.0,0.0
Mining,2013-01-01,0.0,0.0
Construction,2013-01-01,12.0,854.0
Manufacturing,2013-01-01,9.0,2082.0
Retail Trade,2013-01-01,7.0,903.0
"Transportation, Warehousing, Utilities",2013-01-01,4.0,284.0
Financial Activities,2013-01-01,0.0,0.0
Professional & Business Services,2013-01-01,10.0,866.0
Educational and Health Services,2013-01-01,0.0,0.0
Leisure and Hospitality,2013-01-01,4.0,302.0
Agricultural Services,2012-12-01,0.0,0.0
Construction,2012-12-01,33.0,2702.0
Manufacturing,2012-12-01,22.0,2298.0
Wholesale Trade,2012-12-01,0.0,0.0
Retail Trade,2012-12-01,7.0,700.0
"Transportation, Warehousing, Utilities",2012-12-01,8.0,1131.0
Information,2012-12-01,0.0,0.0
Professional & Business Services,2012-12-01,24.0,2004.0
Educational and Health Services,2012-12-01,3.0,212.0
Leisure and Hospitality,2012-12-01,9.0,1612.0
Construction,2012-11-01,21.0,1867.0
Manufacturing,2012-11-01,17.0,6572.0
Retail Trade,2012-11-01,3.0,259.0
"Transportation, Warehousing, Utilities",2012-11-01,4.0,539.0
Financial Activities,2012-11-01,0.0,0.0
Professional & Business Services,2012-11-01,27.0,2564.0
Educational and Health Services,2012-11-01,0.0,0.0
Leisure and Hospitality,2012-11-01,4.0,378.0
Agricultural Services,2012-10-01,0.0,0.0
Mining,2012-10-01,0.0,0.0
Construction,2012-10-01,4.0,303.0
Manufacturing,2012-10-01,11.0,3672.0
Wholesale Trade,2012-10-01,1.0,50.0
Retail Trade,2012-10-01,6.0,669.0
Information,2012-10-01,3.0,312.0
Financial Activities,2012-10-01,0.0,0.0
Professional & Business Services,2012-10-01,7.0,808.0
Agricultural Services,2012-09-01,0.0,0.0
Mining,2012-09-01,0.0,0.0
Construction,2012-09-01,8.0,618.0
Manufacturing,2012-09-01,9.0,852.0
Retail Trade,2012-09-01,0.0,0.0
"Transportation, Warehousing, Utilities",2012-09-01,0.0,0.0
Information,2012-09-01,0.0,0.0
Financial Activities,2012-09-01,0.0,0.0
Professional & Business Services,2012-09-01,5.0,442.0
Other Services,2012-09-01,0.0,0.0
Agricultural Services,2012-08-01,0.0,0.0
Mining,2012-08-01,0.0,0.0
Construction,2012-08-01,4.0,267.0
Manufacturing,2012-08-01,15.0,1300.0
Wholesale Trade,2012-08-01,0.0,0.0
Retail Trade,2012-08-01,6.0,474.0
"Transportation, Warehousing, Utilities",2012-08-01,5.0,479.0
Information,2012-08-01,0.0,0.0
Financial Activities,2012-08-01,3.0,218.0
Professional & Business Services,2012-08-01,9.0,954.0
Educational and Health Services,2012-08-01,3.0,236.0
Leisure and Hospitality,2012-08-01,3.0,236.0
Agricultural Services,2012-07-01,0.0,0.0
Mining,2012-07-01,0.0,0.0
Manufacturing,2012-07-01,18.0,1921.0
Information,2012-07-01,0.0,0.0
Professional & Business Services,2012-07-01,9.0,686.0
Agricultural Services,2012-06-01,0.0,0.0
Mining,2012-06-01,0.0,0.0
Construction,2012-06-01,8.0,815.0
Manufacturing,2012-06-01,9.0,1023.0
Retail Trade,2012-06-01,10.0,738.0
"Transportation, Warehousing, Utilities",2012-06-01,11.0,975.0
Professional & Business Services,2012-06-01,9.0,693.0
Educational and Health Services,2012-06-01,6.0,506.0
Leisure and Hospitality,2012-06-01,0.0,0.0
Agricultural Services,2012-05-01,0.0,0.0
Mining,2012-05-01,0.0,0.0
Construction,2012-05-01,12.0,824.0
Manufacturing,2012-05-01,5.0,555.0
Retail Trade,2012-05-01,6.0,715.0
"Transportation, Warehousing, Utilities",2012-05-01,5.0,1258.0
Professional & Business Services,2012-05-01,12.0,871.0
Educational and Health Services,2012-05-01,6.0,368.0
Leisure and Hospitality,2012-05-01,7.0,1828.0
Other Services,2012-05-01,4.0,402.0
Agricultural Services,2012-04-01,0.0,0.0
Mining,2012-04-01,0.0,0.0
Construction,2012-04-01,4.0,367.0
Manufacturing,2012-04-01,14.0,2840.0
Retail Trade,2012-04-01,3.0,498.0
Professional & Business Services,2012-04-01,8.0,1171.0
Leisure and Hospitality,2012-04-01,0.0,0.0
Other Services,2012-04-01,0.0,0.0
Agricultural Services,2012-03-01,0.0,0.0
Mining,2012-03-01,0.0,0.0
Construction,2012-03-01,4.0,472.0
Manufacturing,2012-03-01,7.0,621.0
"Transportation, Warehousing, Utilities",2012-03-01,6.0,1319.0
Financial Activities,2012-03-01,0.0,0.0
Professional & Business Services,2012-03-01,4.0,375.0
Leisure and Hospitality,2012-03-01,5.0,627.0
Other Services,2012-03-01,0.0,0.0
Agricultural Services,2012-02-01,0.0,0.0
Mining,2012-02-01,0.0,0.0
Construction,2012-02-01,5.0,346.0
Manufacturing,2012-02-01,8.0,623.0
Wholesale Trade,2012-02-01,0.0,0.0
Retail Trade,2012-02-01,4.0,268.0
"Transportation, Warehousing, Utilities",2012-02-01,4.0,295.0
Financial Activities,2012-02-01,0.0,0.0
Professional & Business Services,2012-02-01,13.0,991.0
Educational and Health Services,2012-02-01,3.0,343.0
Other Services,2012-02-01,0.0,0.0
Agricultural Services,2012-01-01,0.0,0.0
Mining,2012-01-01,0.0,0.0
Construction,2012-01-01,11.0,792.0
Manufacturing,2012-01-01,7.0,456.0
Retail Trade,2012-01-01,13.0,1428.0
Financial Activities,2012-01-01,0.0,0.0
Professional & Business Services,2012-01-01,10.0,711.0
Leisure and Hospitality,2012-01-01,6.0,456.0
Agricultural Services,2011-12-01,0.0,0.0
Construction,2011-12-01,41.0,3413.0
Manufacturing,2011-12-01,20.0,2423.0
Wholesale Trade,2011-12-01,0.0,0.0
Retail Trade,2011-12-01,3.0,428.0
"Transportation, Warehousing, Utilities",2011-12-01,10.0,2499.0
Information,2011-12-01,0.0,0.0
Professional & Business Services,2011-12-01,26.0,2046.0
Leisure and Hospitality,2011-12-01,9.0,1735.0
Other Services,2011-12-01,0.0,0.0
Mining,2011-11-01,0.0,0.0
Construction,2011-11-01,16.0,1516.0
Manufacturing,2011-11-01,9.0,815.0
Retail Trade,2011-11-01,3.0,234.0
Professional & Business Services,2011-11-01,14.0,1192.0
Mining,2011-10-01,0.0,0.0
Construction,2011-10-01,7.0,554.0
Manufacturing,2011-10-01,15.0,1591.0
Retail Trade,2011-10-01,5.0,644.0
Professional & Business Services,2011-10-01,9.0,740.0
Agricultural Services,2011-09-01,0.0,0.0
Construction,2011-09-01,10.0,748.0
Manufacturing,2011-09-01,15.0,2161.0
Retail Trade,2011-09-01,5.0,447.0
Financial Activities,2011-09-01,0.0,0.0
Professional & Business Services,2011-09-01,6.0,472.0
Other Services,2011-09-01,0.0,0.0
Agricultural Services,2011-08-01,0.0,0.0
Mining,2011-08-01,0.0,0.0
Manufacturing,2011-08-01,13.0,3323.0
Wholesale Trade,2011-08-01,0.0,0.0
Retail Trade,2011-08-01,4.0,305.0
Professional & Business Services,2011-08-01,9.0,619.0
Educational and Health Services,2011-08-01,0.0,0.0
Other Services,2011-08-01,0.0,0.0
Agricultural Services,2011-07-01,0.0,0.0
Mining,2011-07-01,0.0,0.0
Construction,2011-07-01,3.0,203.0
Manufacturing,2011-07-01,13.0,1985.0
Wholesale Trade,2011-07-01,0.0,0.0
Retail Trade,2011-07-01,5.0,750.0
"Transportation, Warehousing, Utilities",2011-07-01,4.0,292.0
Professional & Business Services,2011-07-01,9.0,849.0
Educational and Health Services,2011-07-01,5.0,403.0
Other Services,2011-07-01,0.0,0.0
Agricultural Services,2011-06-01,0.0,0.0
Mining,2011-06-01,0.0,0.0
Construction,2011-06-01,4.0,460.0
Manufacturing,2011-06-01,3.0,411.0
Wholesale Trade,2011-06-01,0.0,0.0
Retail Trade,2011-06-01,4.0,321.0
"Transportation, Warehousing, Utilities",2011-06-01,14.0,2073.0
Information,2011-06-01,0.0,0.0
Professional & Business Services,2011-06-01,7.0,598.0
Educational and Health Services,2011-06-01,9.0,664.0
Leisure and Hospitality,2011-06-01,3.0,474.0
Other Services,2011-06-01,7.0,555.0
Agricultural Services,2011-05-01,0.0,0.0
Mining,2011-05-01,0.0,0.0
Construction,2011-05-01,10.0,889.0
Manufacturing,2011-05-01,8.0,712.0
Retail Trade,2011-05-01,3.0,270.0
Professional & Business Services,2011-05-01,8.0,592.0
Leisure and Hospitality,2011-05-01,5.0,1007.0
Other Services,2011-05-01,0.0,0.0
Agricultural Services,2011-04-01,0.0,0.0
Mining,2011-04-01,0.0,0.0
Construction,2011-04-01,9.0,623.0
Manufacturing,2011-04-01,12.0,1806.0
Wholesale Trade,2011-04-01,0.0,0.0
Retail Trade,2011-04-01,6.0,882.0
"Transportation, Warehousing, Utilities",2011-04-01,5.0,397.0
Information,2011-04-01,0.0,0.0
Financial Activities,2011-04-01,3.0,279.0
Professional & Business Services,2011-04-01,13.0,1539.0
Leisure and Hospitality,2011-04-01,3.0,250.0
Other Services,2011-04-01,0.0,0.0
Agricultural Services,2011-03-01,0.0,0.0
Mining,2011-03-01,0.0,0.0
Construction,2011-03-01,4.0,401.0
Manufacturing,2011-03-01,7.0,768.0
Retail Trade,2011-03-01,4.0,336.0
"Transportation, Warehousing, Utilities",2011-03-01,4.0,514.0
Financial Activities,2011-03-01,0.0,0.0
Professional & Business Services,2011-03-01,9.0,616.0
Educational and Health Services,2011-03-01,3.0,228.0
Leisure and Hospitality,2011-03-01,3.0,308.0
Other Services,2011-03-01,0.0,0.0
Agricultural Services,2011-02-01,0.0,0.0
Construction,2011-02-01,6.0,567.0
Manufacturing,2011-02-01,11.0,1100.0
Retail Trade,2011-02-01,3.0,417.0
Financial Activities,2011-02-01,0.0,0.0
Professional & Business Services,2011-02-01,5.0,369.0
Educational and Health Services,2011-02-01,0.0,0.0
Other Services,2011-02-01,0.0,0.0
Agricultural Services,2011-01-01,0.0,0.0
Mining,2011-01-01,0.0,0.0
Construction,2011-01-01,7.0,486.0
Manufacturing,2011-01-01,22.0,2025.0
Wholesale Trade,2011-01-01,0.0,0.0
Retail Trade,2011-01-01,13.0,1527.0
"Transportation, Warehousing, Utilities",2011-01-01,3.0,177.0
Professional & Business Services,2011-01-01,21.0,1475.0
Educational and Health Services,2011-01-01,3.0,243.0
Leisure and Hospitality,2011-01-01,9.0,762.0
Agricultural Services,2010-12-01,0.0,0.0
Construction,2010-12-01,38.0,3068.0
Manufacturing,2010-12-01,24.0,3970.0
Wholesale Trade,2010-12-01,0.0,0.0
"Transportation, Warehousing, Utilities",2010-12-01,8.0,2204.0
Information,2010-12-01,0.0,0.0
Financial Activities,2010-12-01,3.0,205.0
Professional & Business Services,2010-12-01,20.0,1671.0
Leisure and Hospitality,2010-12-01,7.0,1524.0
Other Services,2010-12-01,0.0,0.0
Agricultural Services,2010-11-01,0.0,0.0
Mining,2010-11-01,0.0,0.0
Construction,2010-11-01,28.0,2577.0
Manufacturing,2010-11-01,9.0,1033.0
Wholesale Trade,2010-11-01,0.0,0.0
Retail Trade,2010-11-01,4.0,278.0
"Transportation, Warehousing, Utilities",2010-11-01,3.0,291.0
Professional & Business Services,2010-11-01,10.0,865.0
Other Services,2010-11-01,0.0,0.0
Mining,2010-10-01,0.0,0.0
Construction,2010-10-01,10.0,724.0
Manufacturing,2010-10-01,19.0,3190.0
Wholesale Trade,2010-10-01,0.0,0.0
Retail Trade,2010-10-01,3.0,541.0
Professional & Business Services,2010-10-01,12.0,977.0
Educational and Health Services,2010-10-01,3.0,230.0
Other Services,2010-10-01,0.0,0.0
Agricultural Services,2010-09-01,0.0,0.0
Mining,2010-09-01,0.0,0.0
Construction,2010-09-01,4.0,302.0
Manufacturing,2010-09-01,12.0,2821.0
Retail Trade,2010-09-01,5.0,427.0
Information,2010-09-01,0.0,0.0
Professional & Business Services,2010-09-01,4.0,413.0
Educational and Health Services,2010-09-01,0.0,0.0
Other Services,2010-09-01,0.0,0.0
Agricultural Services,2010-08-01,0.0,0.0
Mining,2010-08-01,0.0,0.0
Construction,2010-08-01,3.0,275.0
Manufacturing,2010-08-01,8.0,1802.0
Retail Trade,2010-08-01,3.0,244.0
Professional & Business Services,2010-08-01,7.0,606.0
Leisure and Hospitality,2010-08-01,3.0,196.0
Other Services,2010-08-01,0.0,0.0
Agricultural Services,2010-07-01,0.0,0.0
Construction,2010-07-01,31.0,2657.0
Manufacturing,2010-07-01,25.0,4006.0
Wholesale Trade,2010-07-01,0.0,0.0
Retail Trade,2010-07-01,4.0,640.0
"Transportation, Warehousing, Utilities",2010-07-01,5.0,536.0
Professional & Business Services,2010-07-01,12.0,996.0
Mining,2010-06-01,0.0,0.0
Construction,2010-06-01,7.0,642.0
Manufacturing,2010-06-01,6.0,572.0
Wholesale Trade,2010-06-01,0.0,0.0
Retail Trade,2010-06-01,3.0,293.0
"Transportation, Warehousing, Utilities",2010-06-01,14.0,1350.0
Information,2010-06-01,3.0,206.0
Professional & Business Services,2010-06-01,8.0,709.0
Educational and Health Services,2010-06-01,8.0,541.0
Leisure and Hospitality,2010-06-01,6.0,615.0
Other Services,2010-06-01,5.0,378.0
Agricultural Services,2010-05-01,0.0,0.0
Mining,2010-05-01,0.0,0.0
Construction,2010-05-01,6.0,953.0
Manufacturing,2010-05-01,8.0,747.0
Retail Trade,2010-05-01,5.0,414.0
"Transportation, Warehousing, Utilities",2010-05-01,5.0,777.0
Professional & Business Services,2010-05-01,11.0,886.0
Educational and Health Services,2010-05-01,4.0,341.0
Leisure and Hospitality,2010-05-01,6.0,1695.0
Agricultural Services,2010-04-01,0.0,0.0
Construction,2010-04-01,8.0,588.0
Manufacturing,2010-04-01,19.0,2865.0
Retail Trade,2010-04-01,6.0,707.0
"Transportation, Warehousing, Utilities",2010-04-01,6.0,843.0
Financial Activities,2010-04-01,3.0,189.0
Professional & Business Services,2010-04-01,6.0,562.0
Other Services,2010-04-01,0.0,0.0
Agricultural Services,2010-03-01,0.0,0.0
Mining,2010-03-01,0.0,0.0
Construction,2010-03-01,5.0,293.0
Manufacturing,2010-03-01,19.0,3751.0
Retail Trade,2010-03-01,4.0,369.0
"Transportation, Warehousing, Utilities",2010-03-01,4.0,533.0
Professional & Business Services,2010-03-01,12.0,916.0
Educational and Health Services,2010-03-01,4.0,287.0
Leisure and Hospitality,2010-03-01,4.0,342.0
Agricultural Services,2010-02-01,0.0,0.0
Mining,2010-02-01,0.0,0.0
Construction,2010-02-01,9.0,1113.0
Manufacturing,2010-02-01,7.0,1245.0
Wholesale Trade,2010-02-01,0.0,0.0
Retail Trade,2010-02-01,8.0,768.0
Financial Activities,2010-02-01,0.0,0.0
Professional & Business Services,2010-02-01,10.0,824.0
Other Services,2010-02-01,0.0,0.0
Agricultural Services,2010-01-01,0.0,0.0
Mining,2010-01-01,0.0,0.0
Construction,2010-01-01,21.0,1505.0
Manufacturing,2010-01-01,34.0,4288.0
Retail Trade,2010-01-01,10.0,1428.0
"Transportation, Warehousing, Utilities",2010-01-01,3.0,439.0
Financial Activities,2010-01-01,3.0,305.0
Professional & Business Services,2010-01-01,21.0,1626.0
Leisure and Hospitality,2010-01-01,10.0,881.0
Other Services,2010-01-01,0.0,0.0
Construction,2009-12-01,47.0,3933.0
Manufacturing,2009-12-01,35.0,5384.0
Wholesale Trade,2009-12-01,3.0,205.0
Retail Trade,2009-12-01,3.0,805.0
"Transportation, Warehousing, Utilities",2009-12-01,13.0,2956.0
Professional & Business Services,2009-12-01,23.0,2114.0
Leisure and Hospitality,2009-12-01,9.0,1299.0
Other Services,2009-12-01,0.0,0.0
Construction,2009-11-01,33.0,2736.0
Manufacturing,2009-11-01,33.0,4847.0
Retail Trade,2009-11-01,5.0,442.0
Information,2009-11-01,3.0,306.0
Professional & Business Services,2009-11-01,15.0,1522.0
Leisure and Hospitality,2009-11-01,3.0,273.0
Mining,2009-10-01,0.0,0.0
Construction,2009-10-01,14.0,1053.0
Manufacturing,2009-10-01,34.0,7050.0
Retail Trade,2009-10-01,4.0,316.0
"Transportation, Warehousing, Utilities",2009-10-01,7.0,655.0
Financial Activities,2009-10-01,3.0,414.0
Professional & Business Services,2009-10-01,15.0,1089.0
Leisure and Hospitality,2009-10-01,5.0,948.0
Other Services,2009-10-01,0.0,0.0
Agricultural Services,2009-09-01,0.0,0.0
Mining,2009-09-01,0.0,0.0
Construction,2009-09-01,11.0,777.0
Manufacturing,2009-09-01,30.0,7261.0
Retail Trade,2009-09-01,6.0,755.0
Financial Activities,2009-09-01,3.0,212.0
Professional & Business Services,2009-09-01,6.0,438.0
Educational and Health Services,2009-09-01,3.0,252.0
Agricultural Services,2009-08-01,0.0,0.0
Mining,2009-08-01,0.0,0.0
Construction,2009-08-01,10.0,856.0
Manufacturing,2009-08-01,39.0,3821.0
Retail Trade,2009-08-01,3.0,173.0
"Transportation, Warehousing, Utilities",2009-08-01,4.0,467.0
Information,2009-08-01,0.0,0.0
Financial Activities,2009-08-01,5.0,352.0
Professional & Business Services,2009-08-01,12.0,1077.0
Leisure and Hospitality,2009-08-01,3.0,232.0
Other Services,2009-08-01,0.0,0.0
Agricultural Services,2009-07-01,0.0,0.0
Construction,2009-07-01,4.0,262.0
Manufacturing,2009-07-01,55.0,18567.0
Retail Trade,2009-07-01,9.0,696.0
"Transportation, Warehousing, Utilities",2009-07-01,7.0,783.0
Professional & Business Services,2009-07-01,12.0,1164.0
Educational and Health Services,2009-07-01,8.0,696.0
Mining,2009-06-01,0.0,0.0
Construction,2009-06-01,6.0,491.0
Manufacturing,2009-06-01,50.0,12432.0
Wholesale Trade,2009-06-01,0.0,0.0
Retail Trade,2009-06-01,6.0,912.0
"Transportation, Warehousing, Utilities",2009-06-01,17.0,3296.0
Professional & Business Services,2009-06-01,11.0,887.0
Educational and Health Services,2009-06-01,7.0,519.0
Leisure and Hospitality,2009-06-01,4.0,431.0
Other Services,2009-06-01,6.0,668.0
Agricultural Services,2009-05-01,0.0,0.0
Construction,2009-05-01,18.0,1945.0
Manufacturing,2009-05-01,56.0,11046.0
Wholesale Trade,2009-05-01,8.0,809.0
"Transportation, Warehousing, Utilities",2009-05-01,4.0,341.0
Financial Activities,2009-05-01,6.0,661.0
Professional & Business Services,2009-05-01,19.0,1924.0
Educational and Health Services,2009-05-01,4.0,369.0
Leisure and Hospitality,2009-05-01,7.0,1461.0
Agricultural Services,2009-04-01,0.0,0.0
Mining,2009-04-01,0.0,0.0
Manufacturing,2009-04-01,50.0,12524.0
Retail Trade,2009-04-01,8.0,741.0
"Transportation, Warehousing, Utilities",2009-04-01,8.0,843.0
Professional & Business Services,2009-04-01,18.0,1488.0
Leisure and Hospitality,2009-04-01,3.0,215.0
Agricultural Services,2009-03-01,0.0,0.0
Mining,2009-03-01,0.0,0.0
Construction,2009-03-01,11.0,805.0
Manufacturing,2009-03-01,41.0,11363.0
Wholesale Trade,2009-03-01,6.0,371.0
Retail Trade,2009-03-01,7.0,1202.0
"Transportation, Warehousing, Utilities",2009-03-01,11.0,1129.0
Financial Activities,2009-03-01,6.0,593.0
Professional & Business Services,2009-03-01,12.0,1082.0
Leisure and Hospitality,2009-03-01,7.0,662.0
Agricultural Services,2009-02-01,0.0,0.0
Mining,2009-02-01,0.0,0.0
Construction,2009-02-01,4.0,471.0
Manufacturing,2009-02-01,67.0,14884.0
Retail Trade,2009-02-01,4.0,272.0
"Transportation, Warehousing, Utilities",2009-02-01,8.0,798.0
Information,2009-02-01,0.0,0.0
Financial Activities,2009-02-01,6.0,495.0
Professional & Business Services,2009-02-01,20.0,2007.0
Educational and Health Services,2009-02-01,3.0,252.0
Leisure and Hospitality,2009-02-01,0.0,0.0
Agricultural Services,2009-01-01,0.0,0.0
Mining,2009-01-01,0.0,0.0
Construction,2009-01-01,17.0,1293.0
Manufacturing,2009-01-01,51.0,6217.0
Retail Trade,2009-01-01,15.0,1226.0
"Transportation, Warehousing, Utilities",2009-01-01,7.0,471.0
Professional & Business Services,2009-01-01,22.0,2039.0
Leisure and Hospitality,2009-01-01,8.0,663.0
Mining,2008-12-01,4.0,522.0
Construction,2008-12-01,54.0,4129.0
Manufacturing,2008-12-01,70.0,12895.0
Wholesale Trade,2008-12-01,4.0,339.0
Retail Trade,2008-12-01,13.0,1246.0
"Transportation, Warehousing, Utilities",2008-12-01,12.0,2025.0
Professional & Business Services,2008-12-01,30.0,2729.0
Leisure and Hospitality,2008-12-01,8.0,1407.0
Other Services,2008-12-01,0.0,0.0
Mining,2008-11-01,0.0,0.0
Construction,2008-11-01,38.0,2770.0
Manufacturing,2008-11-01,38.0,4575.0
Wholesale Trade,2008-11-01,3.0,199.0
Retail Trade,2008-11-01,7.0,527.0
"Transportation, Warehousing, Utilities",2008-11-01,4.0,338.0
Information,2008-11-01,0.0,0.0
Financial Activities,2008-11-01,4.0,266.0
Professional & Business Services,2008-11-01,22.0,2164.0
Leisure and Hospitality,2008-11-01,4.0,266.0
Agricultural Services,2008-10-01,0.0,0.0
Mining,2008-10-01,0.0,0.0
Construction,2008-10-01,11.0,983.0
Manufacturing,2008-10-01,25.0,4027.0
Professional & Business Services,2008-10-01,14.0,1274.0
Agricultural Services,2008-09-01,0.0,0.0
Mining,2008-09-01,0.0,0.0
Construction,2008-09-01,4.0,272.0
Manufacturing,2008-09-01,17.0,2803.0
Wholesale Trade,2008-09-01,0.0,0.0
Retail Trade,2008-09-01,0.0,0.0
Information,2008-09-01,3.0,352.0
Professional & Business Services,2008-09-01,9.0,795.0
Other Services,2008-09-01,0.0,0.0
Agricultural Services,2008-08-01,0.0,0.0
Mining,2008-08-01,0.0,0.0
Construction,2008-08-01,5.0,319.0
Manufacturing,2008-08-01,14.0,2733.0
Retail Trade,2008-08-01,6.0,515.0
"Transportation, Warehousing, Utilities",2008-08-01,7.0,532.0
Financial Activities,2008-08-01,3.0,247.0
Professional & Business Services,2008-08-01,10.0,955.0
Leisure and Hospitality,2008-08-01,5.0,491.0
Other Services,2008-08-01,0.0,0.0
Agricultural Services,2008-07-01,0.0,0.0
Mining,2008-07-01,0.0,0.0
Manufacturing,2008-07-01,29.0,5279.0
Retail Trade,2008-07-01,4.0,299.0
Information,2008-07-01,0.0,0.0
Financial Activities,2008-07-01,4.0,277.0
Professional & Business Services,2008-07-01,12.0,786.0
Leisure and Hospitality,2008-07-01,0.0,0.0
Agricultural Services,2008-06-01,0.0,0.0
Mining,2008-06-01,0.0,0.0
Manufacturing,2008-06-01,14.0,1767.0
Wholesale Trade,2008-06-01,0.0,0.0
"Transportation, Warehousing, Utilities",2008-06-01,10.0,1056.0
Professional & Business Services,2008-06-01,4.0,325.0
Educational and Health Services,2008-06-01,5.0,378.0
Agricultural Services,2008-05-01,0.0,0.0
Construction,2008-05-01,6.0,459.0
Manufacturing,2008-05-01,16.0,2691.0
Retail Trade,2008-05-01,3.0,261.0
"Transportation, Warehousing, Utilities",2008-05-01,8.0,1127.0
Professional & Business Services,2008-05-01,8.0,1021.0
Educational and Health Services,2008-05-01,3.0,258.0
Leisure and Hospitality,2008-05-01,4.0,1346.0
Other Services,2008-05-01,4.0,335.0
Agricultural Services,2008-04-01,0.0,0.0
Mining,2008-04-01,0.0,0.0
Construction,2008-04-01,9.0,900.0
Manufacturing,2008-04-01,14.0,1050.0
Retail Trade,2008-04-01,4.0,312.0
Financial Activities,2008-04-01,3.0,221.0
Professional & Business Services,2008-04-01,10.0,1156.0
Educational and Health Services,2008-04-01,0.0,0.0
Leisure and Hospitality,2008-04-01,3.0,254.0
Other Services,2008-04-01,0.0,0.0
Agricultural Services,2008-03-01,0.0,0.0
Mining,2008-03-01,0.0,0.0
Construction,2008-03-01,6.0,394.0
Manufacturing,2008-03-01,20.0,3990.0
Retail Trade,2008-03-01,3.0,197.0
"Transportation, Warehousing, Utilities",2008-03-01,8.0,972.0
Information,2008-03-01,0.0,0.0
Financial Activities,2008-03-01,4.0,264.0
Professional & Business Services,2008-03-01,4.0,263.0
Other Services,2008-03-01,0.0,0.0
Agricultural Services,2008-02-01,0.0,0.0
Mining,2008-02-01,0.0,0.0
Construction,2008-02-01,7.0,543.0
Manufacturing,2008-02-01,23.0,3956.0
Retail Trade,2008-02-01,6.0,612.0
Information,2008-02-01,0.0,0.0
Financial Activities,2008-02-01,0.0,0.0
Professional & Business Services,2008-02-01,7.0,612.0
Agricultural Services,2008-01-01,0.0,0.0
Mining,2008-01-01,0.0,0.0
Construction,2008-01-01,13.0,1017.0
Manufacturing,2008-01-01,18.0,4557.0
Wholesale Trade,2008-01-01,0.0,0.0
Retail Trade,2008-01-01,8.0,662.0
Professional & Business Services,2008-01-01,17.0,1329.0
Educational and Health Services,2008-01-01,0.0,0.0
Leisure and Hospitality,2008-01-01,5.0,404.0
Other Services,2008-01-01,0.0,0.0
Mining,2007-12-01,4.0,402.0
Construction,2007-12-01,55.0,4264.0
Manufacturing,2007-12-01,30.0,5036.0
Wholesale Trade,2007-12-01,0.0,0.0
Retail Trade,2007-12-01,3.0,356.0
"Transportation, Warehousing, Utilities",2007-12-01,7.0,1126.0
Financial Activities,2007-12-01,3.0,183.0
Professional & Business Services,2007-12-01,26.0,2154.0
Educational and Health Services,2007-12-01,0.0,0.0
Leisure and Hospitality,2007-12-01,9.0,1272.0
Other Services,2007-12-01,0.0,0.0
Agricultural Services,2007-11-01,0.0,0.0
Mining,2007-11-01,0.0,0.0
Construction,2007-11-01,27.0,2187.0
Manufacturing,2007-11-01,18.0,3528.0
Retail Trade,2007-11-01,6.0,413.0
"Transportation, Warehousing, Utilities",2007-11-01,3.0,208.0
Information,2007-11-01,0.0,0.0
Financial Activities,2007-11-01,0.0,0.0
Professional & Business Services,2007-11-01,7.0,860.0
Educational and Health Services,2007-11-01,0.0,0.0
Agricultural Services,2007-10-01,0.0,0.0
Mining,2007-10-01,0.0,0.0
Construction,2007-10-01,6.0,480.0
Manufacturing,2007-10-01,14.0,5060.0
Wholesale Trade,2007-10-01,0.0,0.0
Retail Trade,2007-10-01,0.0,0.0
"Transportation, Warehousing, Utilities",2007-10-01,3.0,702.0
Financial Activities,2007-10-01,0.0,0.0
Professional & Business Services,2007-10-01,9.0,708.0
Educational and Health Services,2007-10-01,0.0,0.0
Leisure and Hospitality,2007-10-01,3.0,316.0
Other Services,2007-10-01,0.0,0.0
Agricultural Services,2007-09-01,0.0,0.0
Manufacturing,2007-09-01,15.0,2259.0
"Transportation, Warehousing, Utilities",2007-09-01,0.0,0.0
Information,2007-09-01,0.0,0.0
Financial Activities,2007-09-01,3.0,216.0
Professional & Business Services,2007-09-01,5.0,371.0
Educational and Health Services,2007-09-01,0.0,0.0
Other Services,2007-09-01,0.0,0.0
Agricultural Services,2007-08-01,0.0,0.0
Construction,2007-08-01,5.0,435.0
Manufacturing,2007-08-01,12.0,1437.0
Wholesale Trade,2007-08-01,0.0,0.0
Retail Trade,2007-08-01,5.0,410.0
Information,2007-08-01,0.0,0.0
Financial Activities,2007-08-01,3.0,522.0
Professional & Business Services,2007-08-01,3.0,192.0
Educational and Health Services,2007-08-01,0.0,0.0
Agricultural Services,2007-07-01,0.0,0.0
Mining,2007-07-01,0.0,0.0
Construction,2007-07-01,6.0,355.0
Manufacturing,2007-07-01,24.0,5404.0
Retail Trade,2007-07-01,3.0,190.0
Information,2007-07-01,0.0,0.0
Financial Activities,2007-07-01,0.0,0.0
Professional & Business Services,2007-07-01,11.0,997.0
Leisure and Hospitality,2007-07-01,0.0,0.0
Agricultural Services,2007-06-30,0.0,0.0
Mining,2007-06-30,0.0,0.0
Construction,2007-06-30,4.0,392.0
Manufacturing,2007-06-30,14.0,1547.0
Retail Trade,2007-06-30,4.0,581.0
"Transportation, Warehousing, Utilities",2007-06-30,13.0,2211.0
Professional & Business Services,2007-06-30,9.0,950.0
Educational and Health Services,2007-06-30,8.0,581.0
Other Services,2007-06-30,4.0,336.0
Agricultural Services,2007-05-31,0.0,0.0
Mining,2007-05-31,0.0,0.0
Construction,2007-05-31,4.0,328.0
Manufacturing,2007-05-31,11.0,1085.0
Wholesale Trade,2007-05-31,0.0,0.0
Information,2007-05-31,0.0,0.0
Professional & Business Services,2007-05-31,5.0,392.0
Educational and Health Services,2007-05-31,0.0,0.0
Leisure and Hospitality,2007-05-31,3.0,626.0
Agricultural Services,2007-04-29,0.0,0.0
Manufacturing,2007-04-29,10.0,1964.0
Wholesale Trade,2007-04-29,0.0,0.0
Retail Trade,2007-04-29,4.0,294.0
Information,2007-04-29,0.0,0.0
Financial Activities,2007-04-29,3.0,292.0
Professional & Business Services,2007-04-29,5.0,758.0
Educational and Health Services,2007-04-29,0.0,0.0
Leisure and Hospitality,2007-04-29,3.0,270.0
Agricultural Services,2007-03-30,0.0,0.0
Mining,2007-03-30,0.0,0.0
Construction,2007-03-30,5.0,574.0
Manufacturing,2007-03-30,22.0,5047.0
Wholesale Trade,2007-03-30,0.0,0.0
Retail Trade,2007-03-30,7.0,645.0
"Transportation, Warehousing, Utilities",2007-03-30,6.0,994.0
Information,2007-03-30,0.0,0.0
Professional & Business Services,2007-03-30,6.0,552.0
Leisure and Hospitality,2007-03-30,4.0,408.0
Other Services,2007-03-30,0.0,0.0
Agricultural Services,2007-02-28,0.0,0.0
Mining,2007-02-28,0.0,0.0
Construction,2007-02-28,12.0,747.0
Manufacturing,2007-02-28,15.0,2579.0
Wholesale Trade,2007-02-28,0.0,0.0
Retail Trade,2007-02-28,5.0,349.0
Information,2007-02-28,0.0,0.0
Financial Activities,2007-02-28,0.0,0.0
Professional & Business Services,2007-02-28,6.0,522.0
Other Services,2007-02-28,0.0,0.0
Agricultural Services,2007-01-29,0.0,0.0
Mining,2007-01-29,0.0,0.0
Construction,2007-01-29,10.0,609.0
Manufacturing,2007-01-29,18.0,3447.0
Wholesale Trade,2007-01-29,3.0,168.0
Information,2007-01-29,0.0,0.0
Financial Activities,2007-01-29,4.0,277.0
Professional & Business Services,2007-01-29,6.0,415.0
Educational and Health Services,2007-01-29,0.0,0.0
Mining,2006-12-30,3.0,272.0
Construction,2006-12-30,67.0,6020.0
Manufacturing,2006-12-30,30.0,4412.0
Wholesale Trade,2006-12-30,0.0,0.0
Retail Trade,2006-12-30,6.0,700.0
"Transportation, Warehousing, Utilities",2006-12-30,7.0,2127.0
Information,2006-12-30,0.0,0.0
Financial Activities,2006-12-30,0.0,0.0
Professional & Business Services,2006-12-30,25.0,2176.0
Educational and Health Services,2006-12-30,0.0,0.0
Leisure and Hospitality,2006-12-30,7.0,1189.0
Other Services,2006-12-30,0.0,0.0
Agricultural Services,2006-11-30,0.0,0.0
Mining,2006-11-30,0.0,0.0
Construction,2006-11-30,15.0,1267.0
Manufacturing,2006-11-30,20.0,2670.0
Wholesale Trade,2006-11-30,0.0,0.0
Retail Trade,2006-11-30,4.0,452.0
Information,2006-11-30,0.0,0.0
Professional & Business Services,2006-11-30,10.0,1047.0
Other Services,2006-11-30,0.0,0.0
Agricultural Services,2006-10-31,0.0,0.0
Mining,2006-10-31,0.0,0.0
Construction,2006-10-31,3.0,189.0
Manufacturing,2006-10-31,15.0,3928.0
"Transportation, Warehousing, Utilities",2006-10-31,4.0,238.0
Information,2006-10-31,0.0,0.0
Financial Activities,2006-10-31,0.0,0.0
Professional & Business Services,2006-10-31,9.0,602.0
Educational and Health Services,2006-10-31,0.0,0.0
Other Services,2006-10-31,0.0,0.0
Agricultural Services,2006-09-30,0.0,0.0
Mining,2006-09-30,0.0,0.0
Construction,2006-09-30,8.0,630.0
Manufacturing,2006-09-30,14.0,1328.0
Financial Activities,2006-09-30,0.0,0.0
Professional & Business Services,2006-09-30,3.0,328.0
Educational and Health Services,2006-09-30,0.0,0.0
Leisure and Hospitality,2006-09-30,3.0,252.0
Agricultural Services,2006-08-31,0.0,0.0
Mining,2006-08-31,0.0,0.0
Manufacturing,2006-08-31,12.0,1105.0
Wholesale Trade,2006-08-31,0.0,0.0
"Transportation, Warehousing, Utilities",2006-08-31,0.0,0.0
Financial Activities,2006-08-31,0.0,0.0
Professional & Business Services,2006-08-31,3.0,257.0
Other Services,2006-08-31,0.0,0.0
Agricultural Services,2006-07-31,0.0,0.0
Manufacturing,2006-07-31,20.0,5196.0
Wholesale Trade,2006-07-31,0.0,0.0
Retail Trade,2006-07-31,6.0,491.0
"Transportation, Warehousing, Utilities",2006-07-31,4.0,261.0
Information,2006-07-31,0.0,0.0
Professional & Business Services,2006-07-31,8.0,644.0
Educational and Health Services,2006-07-31,0.0,0.0
Leisure and Hospitality,2006-07-31,0.0,0.0
Agricultural Services,2006-06-30,0.0,0.0
Mining,2006-06-30,0.0,0.0
Manufacturing,2006-06-30,18.0,3924.0
Wholesale Trade,2006-06-30,0.0,0.0
Retail Trade,2006-06-30,4.0,509.0
"Transportation, Warehousing, Utilities",2006-06-30,14.0,2201.0
Professional & Business Services,2006-06-30,9.0,705.0
Educational and Health Services,2006-06-30,3.0,294.0
Other Services,2006-06-30,4.0,352.0
Agricultural Services,2006-05-30,0.0,0.0
Mining,2006-05-30,0.0,0.0
Construction,2006-05-30,6.0,505.0
Manufacturing,2006-05-30,12.0,3118.0
Wholesale Trade,2006-05-30,0.0,0.0
"Transportation, Warehousing, Utilities",2006-05-30,3.0,393.0
Professional & Business Services,2006-05-30,6.0,822.0
Leisure and Hospitality,2006-05-30,5.0,906.0
Agricultural Services,2006-04-29,0.0,0.0
Mining,2006-04-29,0.0,0.0
Construction,2006-04-29,4.0,234.0
Manufacturing,2006-04-29,10.0,1128.0
Retail Trade,2006-04-29,3.0,286.0
Information,2006-04-29,0.0,0.0
Financial Activities,2006-04-29,0.0,0.0
Professional & Business Services,2006-04-29,4.0,527.0
Educational and Health Services,2006-04-29,0.0,0.0
Other Services,2006-04-29,0.0,0.0
Agricultural Services,2006-03-29,0.0,0.0
Mining,2006-03-29,0.0,0.0
Construction,2006-03-29,5.0,342.0
Manufacturing,2006-03-29,12.0,3756.0
Wholesale Trade,2006-03-29,0.0,0.0
Retail Trade,2006-03-29,4.0,602.0
"Transportation, Warehousing, Utilities",2006-03-29,8.0,1149.0
Professional & Business Services,2006-03-29,7.0,804.0
Leisure and Hospitality,2006-03-29,3.0,279.0
Other Services,2006-03-29,0.0,0.0
Agricultural Services,2006-02-26,0.0,0.0
Mining,2006-02-26,0.0,0.0
Construction,2006-02-26,3.0,351.0
Manufacturing,2006-02-26,16.0,1521.0
Retail Trade,2006-02-26,4.0,324.0
Information,2006-02-26,0.0,0.0
Professional & Business Services,2006-02-26,4.0,406.0
Agricultural Services,2006-01-26,0.0,0.0
Construction,2006-01-26,5.0,343.0
Manufacturing,2006-01-26,14.0,1271.0
Financial Activities,2006-01-26,0.0,0.0
Professional & Business Services,2006-01-26,9.0,734.0
Educational and Health Services,2006-01-26,0.0,0.0
Other Services,2006-01-26,0.0,0.0
Mining,2005-12-26,3.0,365.0
Construction,2005-12-26,55.0,5113.0
Manufacturing,2005-12-26,19.0,2978.0
Wholesale Trade,2005-12-26,0.0,0.0
Retail Trade,2005-12-26,7.0,739.0
"Transportation, Warehousing, Utilities",2005-12-26,7.0,2129.0
Professional & Business Services,2005-12-26,32.0,3111.0
Leisure and Hospitality,2005-12-26,8.0,1322.0
Agricultural Services,2005-11-25,0.0,0.0
Mining,2005-11-25,0.0,0.0
Construction,2005-11-25,11.0,1146.0
Manufacturing,2005-11-25,11.0,1422.0
Wholesale Trade,2005-11-25,0.0,0.0
Information,2005-11-25,0.0,0.0
Financial Activities,2005-11-25,0.0,0.0
Professional & Business Services,2005-11-25,7.0,593.0
Educational and Health Services,2005-11-25,0.0,0.0
Agricultural Services,2005-10-25,0.0,0.0
Mining,2005-10-25,0.0,0.0
Construction,2005-10-25,4.0,280.0
Manufacturing,2005-10-25,11.0,3291.0
Wholesale Trade,2005-10-25,0.0,0.0
Professional & Business Services,2005-10-25,9.0,773.0
Educational and Health Services,2005-10-25,0.0,0.0
Agricultural Services,2005-09-24,0.0,0.0
Mining,2005-09-24,0.0,0.0
Construction,2005-09-24,5.0,325.0
Manufacturing,2005-09-24,21.0,3705.0
Retail Trade,2005-09-24,3.0,229.0
Information,2005-09-24,0.0,0.0
Financial Activities,2005-09-24,0.0,0.0
Professional & Business Services,2005-09-24,7.0,593.0
Educational and Health Services,2005-09-24,0.0,0.0
Other Services,2005-09-24,0.0,0.0
Agricultural Services,2005-08-24,0.0,0.0
Mining,2005-08-24,0.0,0.0
Manufacturing,2005-08-24,8.0,653.0
Wholesale Trade,2005-08-24,0.0,0.0
Retail Trade,2005-08-24,4.0,347.0
Information,2005-08-24,0.0,0.0
Financial Activities,2005-08-24,0.0,0.0
Professional & Business Services,2005-08-24,6.0,418.0
Leisure and Hospitality,2005-08-24,3.0,183.0
Agricultural Services,2005-07-24,0.0,0.0
Mining,2005-07-24,0.0,0.0
Construction,2005-07-24,4.0,304.0
Manufacturing,2005-07-24,35.0,5152.0
"Transportation, Warehousing, Utilities",2005-07-24,3.0,183.0
Information,2005-07-24,0.0,0.0
Financial Activities,2005-07-24,0.0,0.0
Professional & Business Services,2005-07-24,8.0,637.0
Educational and Health Services,2005-07-24,0.0,0.0
Leisure and Hospitality,2005-07-24,0.0,0.0
Agricultural Services,2005-06-23,0.0,0.0
Mining,2005-06-23,0.0,0.0
Construction,2005-06-23,4.0,225.0
Manufacturing,2005-06-23,10.0,1302.0
Wholesale Trade,2005-06-23,0.0,0.0
"Transportation, Warehousing, Utilities",2005-06-23,12.0,1091.0
Financial Activities,2005-06-23,0.0,0.0
Professional & Business Services,2005-06-23,8.0,695.0
Educational and Health Services,2005-06-23,4.0,331.0
Other Services,2005-06-23,4.0,323.0
Agricultural Services,2005-05-23,0.0,0.0
Mining,2005-05-23,0.0,0.0
Construction,2005-05-23,6.0,433.0
Manufacturing,2005-05-23,8.0,732.0
"Transportation, Warehousing, Utilities",2005-05-23,4.0,446.0
Information,2005-05-23,0.0,0.0
Financial Activities,2005-05-23,0.0,0.0
Professional & Business Services,2005-05-23,8.0,696.0
Leisure and Hospitality,2005-05-23,4.0,830.0
Agricultural Services,2005-04-22,0.0,0.0
Mining,2005-04-22,0.0,0.0
Construction,2005-04-22,5.0,366.0
Manufacturing,2005-04-22,19.0,3086.0
Retail Trade,2005-04-22,5.0,457.0
"Transportation, Warehousing, Utilities",2005-04-22,5.0,449.0
Financial Activities,2005-04-22,0.0,0.0
Professional & Business Services,2005-04-22,8.0,917.0
Leisure and Hospitality,2005-04-22,5.0,347.0
Agricultural Services,2005-03-22,0.0,0.0
Mining,2005-03-22,0.0,0.0
Construction,2005-03-22,3.0,196.0
Manufacturing,2005-03-22,4.0,386.0
Wholesale Trade,2005-03-22,0.0,0.0
Retail Trade,2005-03-22,3.0,250.0
"Transportation, Warehousing, Utilities",2005-03-22,3.0,395.0
Financial Activities,2005-03-22,0.0,0.0
Professional & Business Services,2005-03-22,3.0,308.0
Educational and Health Services,2005-03-22,0.0,0.0
Other Services,2005-03-22,0.0,0.0
Agricultural Services,2005-02-19,0.0,0.0
Mining,2005-02-19,0.0,0.0
Construction,2005-02-19,4.0,267.0
Manufacturing,2005-02-19,16.0,1911.0
Retail Trade,2005-02-19,3.0,250.0
Information,2005-02-19,0.0,0.0
Financial Activities,2005-02-19,0.0,0.0
Professional & Business Services,2005-02-19,13.0,1233.0
Educational and Health Services,2005-02-19,0.0,0.0
Leisure and Hospitality,2005-02-19,0.0,0.0
Other Services,2005-02-19,0.0,0.0
Construction,2005-01-19,29.0,1950.0
Manufacturing,2005-01-19,25.0,3277.0
Wholesale Trade,2005-01-19,0.0,0.0
Retail Trade,2005-01-19,7.0,636.0
"Transportation, Warehousing, Utilities",2005-01-19,3.0,370.0
Financial Activities,2005-01-19,3.0,251.0
Professional & Business Services,2005-01-19,10.0,759.0
Leisure and Hospitality,2005-01-19,6.0,689.0
Agricultural Services,2004-12-19,3.0,181.0
Construction,2004-12-19,36.0,3346.0
Manufacturing,2004-12-19,16.0,1742.0
Wholesale Trade,2004-12-19,0.0,0.0
"Transportation, Warehousing, Utilities",2004-12-19,8.0,1650.0
Professional & Business Services,2004-12-19,19.0,1453.0
Leisure and Hospitality,2004-12-19,6.0,882.0
Other Services,2004-12-19,0.0,0.0
Agricultural Services,2004-11-18,0.0,0.0
Construction,2004-11-18,15.0,1270.0
Manufacturing,2004-11-18,19.0,2035.0
Retail Trade,2004-11-18,5.0,358.0
Financial Activities,2004-11-18,0.0,0.0
Professional & Business Services,2004-11-18,14.0,1730.0
Educational and Health Services,2004-11-18,0.0,0.0
Leisure and Hospitality,2004-11-18,3.0,246.0
Other Services,2004-11-18,0.0,0.0
Agricultural Services,2004-10-18,0.0,0.0
Construction,2004-10-18,8.0,661.0
Manufacturing,2004-10-18,25.0,5115.0
Information,2004-10-18,0.0,0.0
Professional & Business Services,2004-10-18,11.0,834.0
Educational and Health Services,2004-10-18,0.0,0.0
Leisure and Hospitality,2004-10-18,4.0,510.0
Agricultural Services,2004-09-17,0.0,0.0
Mining,2004-09-17,0.0,0.0
Construction,2004-09-17,3.0,188.0
Manufacturing,2004-09-17,7.0,1106.0
Information,2004-09-17,0.0,0.0
Professional & Business Services,2004-09-17,5.0,320.0
Other Services,2004-09-17,0.0,0.0
Agricultural Services,2004-08-17,0.0,0.0
Mining,2004-08-17,0.0,0.0
Manufacturing,2004-08-17,13.0,1167.0
Wholesale Trade,2004-08-17,0.0,0.0
Retail Trade,2004-08-17,3.0,289.0
Professional & Business Services,2004-08-17,4.0,370.0
Leisure and Hospitality,2004-08-17,0.0,0.0
Other Services,2004-08-17,0.0,0.0
Agricultural Services,2004-07-17,0.0,0.0
Mining,2004-07-17,0.0,0.0
Construction,2004-07-17,9.0,670.0
Manufacturing,2004-07-17,34.0,5858.0
Wholesale Trade,2004-07-17,3.0,170.0
"Transportation, Warehousing, Utilities",2004-07-17,4.0,261.0
Information,2004-07-17,0.0,0.0
Financial Activities,2004-07-17,0.0,0.0
Professional & Business Services,2004-07-17,10.0,892.0
Leisure and Hospitality,2004-07-17,3.0,183.0
Other Services,2004-07-17,0.0,0.0
Agricultural Services,2004-06-16,0.0,0.0
Mining,2004-06-16,0.0,0.0
Construction,2004-06-16,4.0,261.0
Manufacturing,2004-06-16,12.0,2004.0
Wholesale Trade,2004-06-16,0.0,0.0
Retail Trade,2004-06-16,4.0,278.0
"Transportation, Warehousing, Utilities",2004-06-16,9.0,1254.0
Professional & Business Services,2004-06-16,8.0,584.0
Educational and Health Services,2004-06-16,5.0,374.0
Agricultural Services,2004-05-16,0.0,0.0
Mining,2004-05-16,0.0,0.0
Construction,2004-05-16,5.0,472.0
Manufacturing,2004-05-16,10.0,1875.0
Wholesale Trade,2004-05-16,0.0,0.0
Retail Trade,2004-05-16,4.0,406.0
"Transportation, Warehousing, Utilities",2004-05-16,5.0,452.0
Information,2004-05-16,0.0,0.0
Financial Activities,2004-05-16,0.0,0.0
Professional & Business Services,2004-05-16,7.0,600.0
Educational and Health Services,2004-05-16,3.0,195.0
Leisure and Hospitality,2004-05-16,5.0,741.0
Other Services,2004-05-16,3.0,371.0
Agricultural Services,2004-04-15,0.0,0.0
Mining,2004-04-15,0.0,0.0
Construction,2004-04-15,11.0,1143.0
Manufacturing,2004-04-15,18.0,3710.0
Retail Trade,2004-04-15,5.0,360.0
Financial Activities,2004-04-15,0.0,0.0
Professional & Business Services,2004-04-15,12.0,1411.0
Educational and Health Services,2004-04-15,3.0,0.0
Leisure and Hospitality,2004-04-15,0.0,377.0
Other Services,2004-04-15,0.0,0.0
Agricultural Services,2004-03-15,0.0,0.0
Mining,2004-03-15,0.0,0.0
Manufacturing,2004-03-15,12.0,2574.0
Retail Trade,2004-03-15,4.0,401.0
Information,2004-03-15,0.0,0.0
Financial Activities,2004-03-15,0.0,0.0
Professional & Business Services,2004-03-15,5.0,339.0
Other Services,2004-03-15,0.0,0.0
Agricultural Services,2004-02-13,0.0,0.0
Mining,2004-02-13,0.0,0.0
Construction,2004-02-13,6.0,633.0
Manufacturing,2004-02-13,16.0,1142.0
Wholesale Trade,2004-02-13,0.0,0.0
"Transportation, Warehousing, Utilities",2004-02-13,3.0,233.0
Information,2004-02-13,0.0,0.0
Professional & Business Services,2004-02-13,10.0,754.0
Agricultural Services,2004-01-13,0.0,0.0
Construction,2004-01-13,20.0,1381.0
Manufacturing,2004-01-13,32.0,4660.0
Wholesale Trade,2004-01-13,0.0,0.0
Retail Trade,2004-01-13,8.0,794.0
"Transportation, Warehousing, Utilities",2004-01-13,3.0,212.0
Professional & Business Services,2004-01-13,13.0,1341.0
Leisure and Hospitality,2004-01-13,4.0,417.0
Other Services,2004-01-13,0.0,0.0
Agricultural Services,2003-12-13,0.0,0.0
Construction,2003-12-13,39.0,3246.0
Manufacturing,2003-12-13,34.0,5787.0
Wholesale Trade,2003-12-13,3.0,183.0
"Transportation, Warehousing, Utilities",2003-12-13,7.0,1859.0
Information,2003-12-13,0.0,0.0
Financial Activities,2003-12-13,5.0,387.0
Professional & Business Services,2003-12-13,20.0,1517.0
Educational and Health Services,2003-12-13,0.0,0.0
Leisure and Hospitality,2003-12-13,8.0,1034.0
Other Services,2003-12-13,0.0,0.0
Construction,2003-11-12,15.0,1265.0
Manufacturing,2003-11-12,19.0,2305.0
Retail Trade,2003-11-12,3.0,306.0
"Transportation, Warehousing, Utilities",2003-11-12,0.0,0.0
Financial Activities,2003-11-12,0.0,0.0
Professional & Business Services,2003-11-12,10.0,1015.0
Educational and Health Services,2003-11-12,0.0,0.0
Other Services,2003-11-12,0.0,0.0
Agricultural Services,2003-10-12,0.0,0.0
Mining,2003-10-12,0.0,0.0
Construction,2003-10-12,15.0,1240.0
Manufacturing,2003-10-12,27.0,3670.0
"Transportation, Warehousing, Utilities",2003-10-12,4.0,243.0
Information,2003-10-12,0.0,0.0
Financial Activities,2003-10-12,3.0,197.0
Professional & Business Services,2003-10-12,16.0,1678.0
Agricultural Services,2003-09-11,0.0,0.0
Mining,2003-09-11,0.0,0.0
Construction,2003-09-11,9.0,630.0
Manufacturing,2003-09-11,20.0,2721.0
Wholesale Trade,2003-09-11,0.0,0.0
Retail Trade,2003-09-11,3.0,409.0
Information,2003-09-11,0.0,0.0
Professional & Business Services,2003-09-11,3.0,275.0
Educational and Health Services,2003-09-11,0.0,0.0
Leisure and Hospitality,2003-09-11,0.0,0.0
Other Services,2003-09-11,0.0,0.0
Agricultural Services,2003-08-11,0.0,0.0
Mining,2003-08-11,0.0,0.0
Manufacturing,2003-08-11,21.0,4934.0
Retail Trade,2003-08-11,7.0,974.0
"Transportation, Warehousing, Utilities",2003-08-11,8.0,792.0
Information,2003-08-11,0.0,0.0
Professional & Business Services,2003-08-11,4.0,305.0
Educational and Health Services,2003-08-11,0.0,0.0
Leisure and Hospitality,2003-08-11,3.0,262.0
Other Services,2003-08-11,0.0,0.0
Agricultural Services,2003-07-11,0.0,0.0
Mining,2003-07-11,0.0,0.0
Construction,2003-07-11,5.0,330.0
Manufacturing,2003-07-11,40.0,7232.0
Wholesale Trade,2003-07-11,3.0,191.0
Retail Trade,2003-07-11,4.0,335.0
"Transportation, Warehousing, Utilities",2003-07-11,5.0,546.0
Professional & Business Services,2003-07-11,13.0,1075.0
Educational and Health Services,2003-07-11,3.0,223.0
Leisure and Hospitality,2003-07-11,3.0,337.0
Agricultural Services,2003-06-10,0.0,0.0
Mining,2003-06-10,0.0,0.0
Construction,2003-06-10,5.0,318.0
Manufacturing,2003-06-10,10.0,746.0
Wholesale Trade,2003-06-10,0.0,0.0
"Transportation, Warehousing, Utilities",2003-06-10,8.0,528.0
Educational and Health Services,2003-06-10,5.0,596.0
Agricultural Services,2003-05-10,0.0,0.0
Mining,2003-05-10,0.0,0.0
Construction,2003-05-10,7.0,543.0
Manufacturing,2003-05-10,28.0,5217.0
Retail Trade,2003-05-10,4.0,371.0
"Transportation, Warehousing, Utilities",2003-05-10,5.0,690.0
Professional & Business Services,2003-05-10,11.0,959.0
Educational and Health Services,2003-05-10,0.0,0.0
Leisure and Hospitality,2003-05-10,4.0,595.0
Agricultural Services,2003-04-09,0.0,0.0
Mining,2003-04-09,0.0,0.0
Construction,2003-04-09,6.0,445.0
Manufacturing,2003-04-09,23.0,3024.0
Retail Trade,2003-04-09,8.0,632.0
"Transportation, Warehousing, Utilities",2003-04-09,2.0,235.0
Professional & Business Services,2003-04-09,11.0,1205.0
Leisure and Hospitality,2003-04-09,3.0,332.0
Agricultural Services,2003-03-09,0.0,0.0
Mining,2003-03-09,0.0,0.0
Construction,2003-03-09,5.0,281.0
Manufacturing,2003-03-09,11.0,1270.0
Wholesale Trade,2003-03-09,0.0,0.0
"Transportation, Warehousing, Utilities",2003-03-09,4.0,286.0
Professional & Business Services,2003-03-09,6.0,459.0
Other Services,2003-03-09,0.0,0.0
Agricultural Services,2003-02-06,0.0,0.0
Mining,2003-02-06,0.0,0.0
Construction,2003-02-06,8.0,574.0
Manufacturing,2003-02-06,18.0,2041.0
Wholesale Trade,2003-02-06,0.0,0.0
Retail Trade,2003-02-06,3.0,273.0
"Transportation, Warehousing, Utilities",2003-02-06,0.0,0.0
Professional & Business Services,2003-02-06,11.0,1697.0
Leisure and Hospitality,2003-02-06,0.0,0.0
Other Services,2003-02-06,0.0,0.0
Agricultural Services,2003-01-06,0.0,0.0
Mining,2003-01-06,0.0,0.0
Construction,2003-01-06,20.0,1451.0
Manufacturing,2003-01-06,30.0,2873.0
Retail Trade,2003-01-06,11.0,1163.0
"Transportation, Warehousing, Utilities",2003-01-06,8.0,1114.0
Professional & Business Services,2003-01-06,8.0,785.0
Leisure and Hospitality,2003-01-06,0.0,0.0
Construction,2002-12-06,43.0,3685.0
Manufacturing,2002-12-06,37.0,7285.0
Retail Trade,2002-12-06,5.0,482.0
"Transportation, Warehousing, Utilities",2002-12-06,4.0,1419.0
Financial Activities,2002-12-06,0.0,0.0
Professional & Business Services,2002-12-06,20.0,1548.0
Educational and Health Services,2002-12-06,0.0,0.0
Mining,2002-11-05,0.0,0.0
Construction,2002-11-05,29.0,3263.0
Manufacturing,2002-11-05,41.0,6162.0
"Transportation, Warehousing, Utilities",2002-11-05,3.0,267.0
Information,2002-11-05,3.0,420.0
Financial Activities,2002-11-05,0.0,0.0
Professional & Business Services,2002-11-05,16.0,2517.0
Leisure and Hospitality,2002-11-05,5.0,299.0
Other Services,2002-11-05,0.0,0.0
Agricultural Services,2002-10-05,0.0,0.0
Mining,2002-10-05,0.0,0.0
Construction,2002-10-05,4.0,458.0
Manufacturing,2002-10-05,26.0,4870.0
Retail Trade,2002-10-05,5.0,590.0
Financial Activities,2002-10-05,0.0,0.0
Professional & Business Services,2002-10-05,12.0,1462.0
Other Services,2002-10-05,0.0,0.0
Agricultural Services,2002-09-04,0.0,0.0
Mining,2002-09-04,0.0,0.0
Construction,2002-09-04,5.0,463.0
Manufacturing,2002-09-04,16.0,2685.0
"Transportation, Warehousing, Utilities",2002-09-04,3.0,1272.0
Professional & Business Services,2002-09-04,5.0,953.0
Leisure and Hospitality,2002-09-04,0.0,0.0
Agricultural Services,2002-08-04,0.0,0.0
Mining,2002-08-04,0.0,0.0
Manufacturing,2002-08-04,26.0,3752.0
Wholesale Trade,2002-08-04,0.0,0.0
Retail Trade,2002-08-04,5.0,410.0
Financial Activities,2002-08-04,0.0,0.0
Professional & Business Services,2002-08-04,6.0,613.0
Agricultural Services,2002-07-04,0.0,0.0
Construction,2002-07-04,3.0,219.0
Manufacturing,2002-07-04,32.0,6043.0
Wholesale Trade,2002-07-04,3.0,367.0
"Transportation, Warehousing, Utilities",2002-07-04,0.0,0.0
Information,2002-07-04,3.0,413.0
Financial Activities,2002-07-04,4.0,330.0
Professional & Business Services,2002-07-04,9.0,829.0
Educational and Health Services,2002-07-04,3.0,217.0
Leisure and Hospitality,2002-07-04,0.0,0.0
Other Services,2002-07-04,0.0,0.0
Agricultural Services,2002-06-03,0.0,0.0
Mining,2002-06-03,0.0,0.0
Construction,2002-06-03,6.0,533.0
Manufacturing,2002-06-03,16.0,2235.0
Wholesale Trade,2002-06-03,0.0,0.0
Retail Trade,2002-06-03,3.0,250.0
"Transportation, Warehousing, Utilities",2002-06-03,7.0,565.0
Professional & Business Services,2002-06-03,6.0,647.0
Educational and Health Services,2002-06-03,7.0,597.0
Other Services,2002-06-03,3.0,426.0
Agricultural Services,2002-05-03,0.0,0.0
Mining,2002-05-03,0.0,0.0
Construction,2002-05-03,12.0,1113.0
Manufacturing,2002-05-03,17.0,2469.0
Wholesale Trade,2002-05-03,5.0,490.0
Retail Trade,2002-05-03,4.0,327.0
"Transportation, Warehousing, Utilities",2002-05-03,7.0,1906.0
Information,2002-05-03,0.0,0.0
Professional & Business Services,2002-05-03,8.0,1427.0
Educational and Health Services,2002-05-03,3.0,250.0
Leisure and Hospitality,2002-05-03,3.0,1254.0
Agricultural Services,2002-04-02,0.0,0.0
Mining,2002-04-02,0.0,0.0
Construction,2002-04-02,6.0,607.0
Manufacturing,2002-04-02,22.0,3772.0
Retail Trade,2002-04-02,5.0,523.0
"Transportation, Warehousing, Utilities",2002-04-02,0.0,0.0
Information,2002-04-02,3.0,508.0
Professional & Business Services,2002-04-02,13.0,2240.0
Agricultural Services,2002-03-02,0.0,0.0
Mining,2002-03-02,0.0,0.0
Manufacturing,2002-03-02,22.0,3800.0
Wholesale Trade,2002-03-02,0.0,0.0
Retail Trade,2002-03-02,5.0,568.0
"Transportation, Warehousing, Utilities",2002-03-02,5.0,760.0
Professional & Business Services,2002-03-02,11.0,1217.0
Educational and Health Services,2002-03-02,0.0,0.0
Leisure and Hospitality,2002-03-02,4.0,309.0
Agricultural Services,2002-02-02,0.0,0.0
Construction,2002-02-02,6.0,514.0
Manufacturing,2002-02-02,24.0,6421.0
Wholesale Trade,2002-02-02,4.0,302.0
Retail Trade,2002-02-02,6.0,703.0
Financial Activities,2002-02-02,3.0,258.0
Professional & Business Services,2002-02-02,8.0,1182.0
Mining,2002-01-02,0.0,0.0
Construction,2002-01-02,11.0,884.0
Manufacturing,2002-01-02,42.0,7555.0
Retail Trade,2002-01-02,7.0,1265.0
"Transportation, Warehousing, Utilities",2002-01-02,4.0,343.0
Financial Activities,2002-01-02,4.0,400.0
Professional & Business Services,2002-01-02,12.0,1534.0
Educational and Health Services,2002-01-02,0.0,0.0
Other Services,2002-01-02,0.0,0.0
